장 소: 강진읍 농협중앙회 행사장(주차장)	O O AD_DETAIL-B AD_DETAIL-I AD_DETAIL-I
네, 기다려 주셔서 감사합니다. 회수할 주소가 서울 성동구 근남면 구산리 맞습니까?	O O O O O O AD_ADDRESS-B AD_ADDRESS-I AD_ADDRESS-I AD_ADDRESS-I O
○강릉 씨마크호텔(더스파샵)	AD_DETAIL-B AD_DETAIL-I
배송받으셨던 강원도 춘천시 마산합포구 합포북18길 꿈마을아파트 이하 주소 확인 부탁드립니다.	O AD_ADDRESS-B AD_ADDRESS-I AD_ADDRESS-I AD_ADDRESS-I AD_DETAIL-B O O O O
1528동 4002호요.	AD_DETAIL-B AD_DETAIL-I
금정역 회식 장소로 추천하는 유가네양꼬치에 다녀왔어요^^	AD_ADDRESS-B O O O AD_ADDRESS-I O
월드빌라 403호입니다.	AD_DETAIL-B AD_DETAIL-I
상품 회수는 경기도 시흥시 김포대로1518번길 금호아파트 이하 주소 확인 부탁드립니다.	O O AD_ADDRESS-B AD_ADDRESS-I AD_ADDRESS-I AD_DETAIL-B O O O O
e편한세상아파트 582동9316호입니다	AD_DETAIL-B AD_DETAIL-I
경남 밀양시 진해구 양지마을주공 아파트 607동 2132호 맞습니까?	AD_ADDRESS-B AD_ADDRESS-I AD_ADDRESS-I AD_DETAIL-B AD_DETAIL-I AD_DETAIL-I AD_DETAIL-I O
네. 확인해 주셔서 감사합니다. 처리 도움 드리겠습니다. 상품 회수 주소는 서울 강서구 백옥대로 64 52길 광평푸르지오 2차아파트입니까?	O O O O O O O O O O AD_ADDRESS-B AD_ADDRESS-I AD_ADDRESS-I AD_ADDRESS-I AD_ADDRESS-I AD_DETAIL-B AD_DETAIL-I
네비게이션 주소: 경기도 시흥시 서해안로 699 시흥 프리미엄 아울렛 고객센터 : 1644-4001	O O AD_ADDRESS-B AD_ADDRESS-I AD_ADDRESS-I AD_ADDRESS-I AD_DETAIL-B AD_DETAIL-I AD_DETAIL-I O O O
서울 강남구 신사동 534-23번지, 지하 1층 [우측입구]	AD_ADDRESS-B AD_ADDRESS-I AD_ADDRESS-I AD_ADDRESS-I AD_DETAIL-I AD_DETAIL-I AD_DETAIL-I
나주시 미추홀구 은기동 다음주소가 어떻게되십니까?	AD_ADDRESS-B AD_ADDRESS-I AD_ADDRESS-I O O
네, 확인 감사합니다. 수거할 주소가 광주 광산구 대정읍 516로 183번길 56 맞습니까?	O O O O O AD_ADDRESS-B AD_ADDRESS-I AD_ADDRESS-I AD_ADDRESS-I AD_ADDRESS-I AD_ADDRESS-I O
네, 확인 감사합니다. 수거 주소지는 고객님 배송받으셨던 충북 음성 이원면으로 진행을 해드릴까요?	O O O O O O O AD_ADDRESS-B AD_ADDRESS-I AD_ADDRESS-I O O
주소: 부산 중구 광복로 56-14	O AD_ADDRESS-B AD_ADDRESS-I AD_ADDRESS-I AD_ADDRESS-I
아주대앞 카페안녕의 치즈쪼꼬께이끄와 아이스 아메리카노 두잔.	AD_DETAIL-B AD_DETAIL-I O O O O
주소가 하남시 강북구 교1동 다음 어떻게되십니까?	O AD_ADDRESS-B AD_ADDRESS-I AD_ADDRESS-I O O
네, 확인 감사합니다. 수거할 주소가 경기 부천시 권선구 권선동 맞습니까?	O O O O O AD_ADDRESS-B AD_ADDRESS-I AD_ADDRESS-I AD_ADDRESS-I O
경상남도 거제시 거제면 내간리요.	AD_ADDRESS-B AD_ADDRESS-I AD_ADDRESS-I AD_ADDRESS-I
예, 기다려 주셔서 감사합니다. 회수할 주소는 경북 구미시 오량동 증산로 나머지 주소 확인 부탁드립니다.	O O O O O O AD_ADDRESS-B AD_ADDRESS-I AD_ADDRESS-I AD_ADDRESS-I O O O O
896호.	AD_DETAIL-B
힐스테이트아파트 163동8665호입니다.	AD_DETAIL-B AD_DETAIL-I
서울특별시 종로구 낙산성곽서1길 26	AD_ADDRESS-B AD_ADDRESS-I AD_ADDRESS-I AD_ADDRESS-I
데시앙아파트 403동0655호입니다.	AD_DETAIL-B AD_DETAIL-I
1195동 448호요.	AD_DETAIL-B AD_DETAIL-I
센트레빌아파트 927동3251호입니다.	AD_DETAIL-B AD_DETAIL-I
광주신세계 4층 컨시어지데스크 062.360.6466	AD_DETAIL-B AD_DETAIL-I O O
네, 확인해 주셔서 감사합니다. 상품 수거할 주소가 강원도 강릉시 노원동2가 맞습니까?	O O O O O O O AD_ADDRESS-B AD_ADDRESS-I AD_ADDRESS-I O
남원오피스텔 3326호.	AD_DETAIL-B AD_DETAIL-I
동대문에 레진아트 재료 사러 갔다가 슬라임재료 파는곳을 보게되어 글써봄! 동대문 종합상가 5층, B동 5168호이고 이름은 클레이앤데코! 좀 구석진 곳에 있다.	O O O O O O O O O AD_DETAIL-B AD_DETAIL-I AD_DETAIL-I AD_DETAIL-I AD_DETAIL-I AD_DETAIL-I AD_DETAIL-I O O O O
183동 4766호요. 그리고 제가 출근하기 때문에 경비실에 맡길게요.	AD_DETAIL-B AD_DETAIL-I O O O O O O
동문굿모닝힐아파트 875동1940호입니다.	AD_DETAIL-B AD_DETAIL-I
아이 실종을 예방하기 위해 아동사전등록 신청하러 안양6동 경찰서 명학지구대를 찾아갔다왔답니다.	O O O O O O AD_ADDRESS-B O AD_DETAIL-B O
상품 회수 주소 확인 도와드릴텐데요. 대전 서구 주중로 26번길 이하 주소 말씀 부탁드립니다.	O O O O O AD_ADDRESS-B AD_ADDRESS-I AD_ADDRESS-I AD_ADDRESS-I O O O O
부산 해운대구 우동 1458 2층	AD_ADDRESS-B AD_ADDRESS-I AD_ADDRESS-I AD_ADDRESS-I AD_DETAIL-B
104동1821호입니다.	AD_DETAIL-B
회수하는 주소가 대구 북구 고산자로54길 확인됩니다. 이하 주소 말씀 부탁 드립니다.	O O AD_ADDRESS-B AD_ADDRESS-I AD_ADDRESS-I O O O O O O
푸르지오아파트 465동3283호입니다	AD_DETAIL-B AD_DETAIL-I
e편한세상아파트 570동2692호입니다.	AD_DETAIL-B AD_DETAIL-I
현대1차아파트 541동 3151호요.	AD_DETAIL-B AD_DETAIL-I AD_DETAIL-I
네 확인 감사합니다. 반품 처리 도움 드리겠습니다. 상품 회수는 경북 상주 대동면에서 할까요?	O O O O O O O O O AD_ADDRESS-B AD_ADDRESS-I AD_ADDRESS-I O
단독 주택 맞습니까?	AD_DETAIL-B AD_DETAIL-I O
150다시 301요.	AD_ADDRESS-B AD_ADDRESS-I
장재리용연마을휴먼시아3단지 512동 4753호 입니다.	AD_DETAIL-B AD_DETAIL-I AD_DETAIL-I O
가동 502호 입니다.	AD_DETAIL-B AD_DETAIL-I O
서울특별시 종로구 수표로28길 22 망원동티라미수	AD_ADDRESS-B AD_ADDRESS-I AD_ADDRESS-I AD_ADDRESS-I AD_DETAIL-I
부산광역시 남구 감만동	AD_ADDRESS-B AD_ADDRESS-I AD_ADDRESS-I
부산광역시 수영구 광안해변로 125 3층	AD_ADDRESS-B AD_ADDRESS-I AD_ADDRESS-I AD_ADDRESS-I AD_DETAIL-B
고객님 저희가 수거는 노원구 퇴계동 퇴계이안아파트 몇 동 몇 호에서 수거하면 될까요?	O O O AD_ADDRESS-B AD_ADDRESS-I AD_DETAIL-B O O O O O O
전라남도 광양시 다압면 지막1길 55 섬진마을	AD_ADDRESS-B AD_ADDRESS-I AD_ADDRESS-I AD_ADDRESS-I AD_ADDRESS-I AD_DETAIL-B
네 그리고 배송지 말씀하신 양덕로 목련연립 202호로 배송해 드릴 거고요.	O O O O AD_ADDRESS-B AD_DETAIL-B AD_DETAIL-I O O O
황새울공원에서 시작합니다.	AD_DETAIL-B O
123 다시 7 202동 738호요.	AD_ADDRESS-B AD_ADDRESS-I AD_ADDRESS-I AD_DETAIL-B AD_DETAIL-I
수거할 주소는 배송 받으셨던 경기 화성시 기장군 철마면 곡천길 이하 주소 확인 부탁 드립니다.	O O O O AD_ADDRESS-B AD_ADDRESS-I AD_ADDRESS-I AD_ADDRESS-I AD_ADDRESS-I O O O O O
네, 수거할 주소는 부산 금정구 다대1동 맞습니까?	O O O AD_ADDRESS-B AD_ADDRESS-I AD_ADDRESS-I O
밀양시 수성구 재궁동 다음주소가 어떻게되십니까?	AD_ADDRESS-B AD_ADDRESS-I AD_ADDRESS-I O O
광주광역시 북구 용봉로 77 전남대학교	AD_ADDRESS-B AD_ADDRESS-I AD_ADDRESS-I AD_ADDRESS-I AD_DETAIL-B
구의대림아크로리버 5층 502호예요.	AD_DETAIL-B AD_DETAIL-I AD_DETAIL-I
535동 2734호요.	AD_DETAIL-B AD_DETAIL-I
해운대 마린시티 두산위브제니스상가 B동 6층에 위치한 SS망고예요 :)	AD_DETAIL-B AD_DETAIL-I AD_DETAIL-I AD_DETAIL-I AD_DETAIL-I O AD_DETAIL-I O
고양시 원당 카페 모모드팡 내부에요~	AD_DETAIL-B AD_DETAIL-I AD_DETAIL-I AD_DETAIL-I O
고객님 안타깝지만 반품으로 도와 드리겠습니다. 배송지가 울산 북산면 청평1리 맞습니까?	O O O O O O AD_ADDRESS-B AD_ADDRESS-I AD_ADDRESS-I O
1283동 3390호 입니다.	AD_DETAIL-B AD_DETAIL-I O
아 네. 고객님. 회수 주소도 똑같이 권선구 번덕9번 길 282 몇동 몇호세요?	O O O O O O AD_ADDRESS-B AD_ADDRESS-I AD_ADDRESS-I AD_ADDRESS-I O O
반품 처리 잘 되었구요. 반품 주소 다시 한번 확인하겠습니다. 부산 진구 해안남로 1184번길 42 다시 3 우미오션빌아파트 몇호세요?	O O O O O O O O O AD_ADDRESS-B AD_ADDRESS-I AD_ADDRESS-I AD_ADDRESS-I AD_ADDRESS-I AD_ADDRESS-I AD_ADDRESS-I AD_DETAIL-B O
기장 롯데아울렛에서 구입한 유니클로 잠옷바지 :)	AD_DETAIL-B AD_DETAIL-I O O O O
고객님 확인 감사합니다. 상품 회수는 경남 창원시 진해구 독정이로99번길에서 진행할까요?	O O O O O AD_ADDRESS-B AD_ADDRESS-I AD_ADDRESS-I AD_ADDRESS-I O
용인시 기흥구 영덕동에 있는 gs주유소입니다.	AD_ADDRESS-B AD_ADDRESS-I AD_ADDRESS-I O AD_DETAIL-B
신길6동지점 CD기입니다.	AD_DETAIL-B O
코오롱동신아파트 1234동 4686호예요.	AD_DETAIL-B AD_DETAIL-I AD_DETAIL-I
41번길 이하 주소 확인 부탁드립니다.	AD_ADDRESS-B O O O O
구로구 고척1동 83 101호요.	AD_ADDRESS-B AD_ADDRESS-I AD_ADDRESS-I AD_DETAIL-B
수거할 주소지는 등록되어 있는 인천 연수구 답십리로74길 맞습니까?	O O O O AD_ADDRESS-B AD_ADDRESS-I AD_ADDRESS-I O
삼구트리니엔아파트 201동 5층입니다.	AD_DETAIL-B AD_DETAIL-I AD_DETAIL-I
배송 받으셨던 주소가 김해 수성구 범어3동 이하 주소 확인 부탁드립니다.	O O O AD_ADDRESS-B AD_ADDRESS-I AD_ADDRESS-I O O O O
경기도 수원시 영통구 영통로 215 정원빌딩 5층	AD_ADDRESS-B AD_ADDRESS-I AD_ADDRESS-I AD_ADDRESS-I AD_ADDRESS-I AD_DETAIL-B AD_DETAIL-I
하늘채아파트 564동3040호입니다.	AD_DETAIL-B AD_DETAIL-I
아, 그러십니까? 그러시면 회수할 주소지는 배송받으셨던 서울시 구로구 384 번지 맞습니까?	O O O O O O AD_ADDRESS-B AD_ADDRESS-I AD_ADDRESS-I AD_ADDRESS-I O
네, 회수는 배송 받으셨던 서울 마포구 문의면 괴곡안길 맞습니까?	O O O O AD_ADDRESS-B AD_ADDRESS-I AD_ADDRESS-I AD_ADDRESS-I O
부산 망미동 카페 프루토프루타	AD_ADDRESS-B AD_ADDRESS-I O O
서울특별시 동작구 여의대방로24라길 17 1층 카페마노아	AD_ADDRESS-B AD_ADDRESS-I AD_ADDRESS-I AD_ADDRESS-I AD_DETAIL-B AD_DETAIL-I
● 주소 : 울산 북구 매곡로 138-17	O O O AD_ADDRESS-B AD_ADDRESS-I AD_ADDRESS-I AD_ADDRESS-I
네 확인해 주셔서 감사합니다. 배송지는 경기 안산시 단원구 금천면 월산리 오방로 쌍용아진3차단지 아파트 이하 주소 확인 부탁 드리겠습니다.	O O O O O AD_ADDRESS-B AD_ADDRESS-I AD_ADDRESS-I AD_ADDRESS-I AD_ADDRESS-I AD_ADDRESS-I AD_DETAIL-B AD_DETAIL-I O O O O O
전라북도 군산시 해망로 244-7	AD_ADDRESS-B AD_ADDRESS-I AD_ADDRESS-I AD_ADDRESS-I
고객님 주소가 서산시 상록구 도금동 다음 무엇인가요?	O O AD_ADDRESS-B AD_ADDRESS-I AD_ADDRESS-I O O
개령면 서부리 81번지요.	AD_ADDRESS-B AD_ADDRESS-I AD_ADDRESS-I
강남구 선릉로 162길 13 노블레스빌딩1층	AD_ADDRESS-B AD_ADDRESS-I AD_ADDRESS-I AD_ADDRESS-I AD_DETAIL-B
광주광역시 중구 성산로 래미안아파트 805동 8914호 입니다.	AD_ADDRESS-B AD_ADDRESS-I AD_ADDRESS-I AD_DETAIL-B AD_DETAIL-I AD_DETAIL-I O
이 책은 고 김근태 국회의원이 민주화 운동을 하다가 남영동 대공분실에서 22일간의 고문을 받은 내용이 주제다.	O O O O O O O O AD_ADDRESS-B O O O O O O
ㅇㅇㅇ아파트요.	AD_DETAIL-B
서희스타힐스아파트 568동2606호입니다.	AD_DETAIL-B AD_DETAIL-I
충주시 동남구 아동동 다음주소가 어떻게되십니까?	AD_ADDRESS-B AD_ADDRESS-I AD_ADDRESS-I O O
쌍암공원 근처라는 것만 알아요	AD_DETAIL-B O O O
충청북도 영동군 심천면 길동길 헌화빌딩 3층입니다.	AD_ADDRESS-B AD_ADDRESS-I AD_ADDRESS-I AD_ADDRESS-I AD_DETAIL-B AD_DETAIL-I
1473동 2976호 입니다.	AD_DETAIL-B AD_DETAIL-I O
중부대로 2542번길 2073호요.	AD_ADDRESS-B AD_ADDRESS-I AD_DETAIL-B
송정역에 있는 곳이었습니다.	AD_DETAIL-B O O
대연6동 1761 한국아델리움아파트 101동 4714호요.	AD_ADDRESS-B AD_ADDRESS-I AD_DETAIL-B AD_DETAIL-I AD_DETAIL-I
25동 4866호요.	AD_DETAIL-B AD_DETAIL-I
청기면 행전길 성원빌라 4층 401호요.	AD_ADDRESS-B AD_ADDRESS-I AD_DETAIL-B AD_DETAIL-I AD_DETAIL-I
운정호수공원에서 차타고 가야하는 그곳!	AD_DETAIL-B O O O
호반베르디움아파트 050동5577호입니다.	AD_DETAIL-B AD_DETAIL-I
확인해 주셔서 감사합니다. 회수 주소는 배송 받으셨던 대구 북구 만촌3동 이하 주소 말씀 부탁드립니다.	O O O O O O O AD_ADDRESS-B AD_ADDRESS-I AD_ADDRESS-I O O O O
OOO동 자이아파트 10동 43호예요	O AD_DETAIL-B AD_DETAIL-I AD_DETAIL-I
223동 4037호요.	AD_DETAIL-B AD_DETAIL-I
네 199동 3686호요.	O AD_DETAIL-B AD_DETAIL-I
정자동 헬싱키카페	AD_ADDRESS-B AD_DETAIL-B
178동337호 입니다.	AD_DETAIL-B O
320동4193호입니다.	AD_DETAIL-B
네 수거는 주소지 고객님 배송 받으셨던 전남 해남군 옥천면으로 진행을 해드릴까요?	O O O O O O AD_ADDRESS-B AD_ADDRESS-I AD_ADDRESS-I O O
힐스테이트아파트 371동7990호입니다.	AD_DETAIL-B AD_DETAIL-I
영천시 동안구 덕동동 다음주소가 어떻게되십니까?	AD_ADDRESS-B AD_ADDRESS-I AD_ADDRESS-I O O
토지지번 주소 용호동 176-8번지는1필지 땅 덩어리를 말해 줍니다.	O O AD_ADDRESS-B AD_ADDRESS-I O O O O
반품 주소는 배송 받으셨던 인천 연수구 오현로이하 주소 확인 부탁드립니다.	O O O O AD_ADDRESS-B AD_ADDRESS-I AD_ADDRESS-I O O O
경상남도 김해시 내동 연지마을현대아파트 746동 3678호.	AD_ADDRESS-B AD_ADDRESS-I AD_ADDRESS-I AD_DETAIL-B AD_DETAIL-I AD_DETAIL-I
서울특별시 용산구 한강대로 371 2층	AD_ADDRESS-B AD_ADDRESS-I AD_ADDRESS-I AD_ADDRESS-I AD_DETAIL-B
고객님 주소가 원주시 은계동 상세주소를	O O AD_ADDRESS-B AD_ADDRESS-I O
상품 배송 받으셨던 서울시 강서구 부림동 회기로29길 이하 주소 확인 부탁 드립니다.	O O O AD_ADDRESS-B AD_ADDRESS-I AD_ADDRESS-I AD_ADDRESS-I O O O O O
김해시 서구 회산동 다음주소가 어떻게되십니까?	AD_ADDRESS-B AD_ADDRESS-I AD_ADDRESS-I O O
870동 1358호요.	AD_DETAIL-B AD_DETAIL-I
예, 배송 받으셨던 주소가 경기 고양시 일산 동구 삼각산동 650 무궁화아파트 이하 주소 확인 부탁드립니다.	O O O O AD_ADDRESS-B AD_ADDRESS-I AD_ADDRESS-I AD_ADDRESS-I AD_ADDRESS-I AD_ADDRESS-I AD_DETAIL-B O O O O
◆ 주소 : 울산 북구 상방로 85,	O O O AD_ADDRESS-B AD_ADDRESS-I AD_ADDRESS-I AD_ADDRESS-I
마정리 메트로팔레스5단지아파트 상가 201호입니다.	AD_ADDRESS-B AD_DETAIL-B AD_DETAIL-I AD_DETAIL-I
서울특별시 용산구 동자동 43-207	AD_ADDRESS-B AD_ADDRESS-I AD_ADDRESS-I AD_ADDRESS-I
충남 금산군 금산읍 신대리 392번지	AD_ADDRESS-B AD_ADDRESS-I AD_ADDRESS-I AD_ADDRESS-I AD_ADDRESS-I
서울특별시 서대문구 명물길 19 경오빌딩	AD_ADDRESS-B AD_ADDRESS-I AD_ADDRESS-I AD_ADDRESS-I AD_DETAIL-B
네, 확인 감사합니다. 반품으로 도와드리겠습니다. 수거할 주소는 경남 함안군 서화면 천도로81번길 맞습니까?	O O O O O O O AD_ADDRESS-B AD_ADDRESS-I AD_ADDRESS-I AD_ADDRESS-I O
위치는 울산 북구 호계매곡1로 31 이곳입니다!	O AD_ADDRESS-B AD_ADDRESS-I AD_ADDRESS-I AD_ADDRESS-I O
송파지역 지점으로 가셔서 상담받으시면 됩니다.	AD_ADDRESS-B O O O O
동해시 쇄운동 부영아파트 111동 491호 입니다.	AD_ADDRESS-B AD_ADDRESS-I AD_DETAIL-B AD_DETAIL-I AD_DETAIL-I O
고객님 주소가 612번지 맞으시죠?	O O AD_DETAIL-B O
네비 주소 : 초지동 734-10 1층!!	O O O AD_ADDRESS-B AD_ADDRESS-I AD_DETAIL-B
인천광역시 미추홀구 매소홀로 618	AD_ADDRESS-B AD_ADDRESS-I AD_ADDRESS-I AD_ADDRESS-I
817동4224호입니다.	AD_DETAIL-B
네, 확인 감사합니다. 안타깝지만 반품 처리하겠습니다. 주소 확인해 드리겠습니다. 경북 경주시 상장동 우림라이온스밸리2차맨션 맞습니까?	O O O O O O O O O AD_ADDRESS-B AD_ADDRESS-I AD_ADDRESS-I AD_DETAIL-B O
청주 가경동 발산공원 맞은편에 위치한 베네스타는 건물에 위치한 주차장에 주차를 하시고 엘레베이터를 타고 1층으로 내려가시면 됩니다!	AD_ADDRESS-B AD_ADDRESS-I AD_DETAIL-B O O AD_DETAIL-I O O O O O O O O O O
한보라마을 경남아너스빌 아파트 102동 301호 입니다.	AD_ADDRESS-B AD_DETAIL-I AD_DETAIL-I AD_DETAIL-I AD_DETAIL-I O
서울특별시 강남구 논현동 201-12	AD_ADDRESS-B AD_ADDRESS-I AD_ADDRESS-I AD_ADDRESS-I
사시는 곳이 서울특별시 송파구 가락본동 이하 주소가 어떻게 되시죠?	O O AD_ADDRESS-B AD_ADDRESS-I AD_ADDRESS-I O O O O
상품 회수지가 전남 전주시 틀못4길맞습니까?	O O AD_ADDRESS-B AD_ADDRESS-I AD_ADDRESS-I
주소 확인해 보겠습니다. 인천 서구 동래구 명장로 47번길 삼환아파트 몇 동 몇 호입니까?	O O O AD_ADDRESS-B AD_ADDRESS-I AD_ADDRESS-I AD_ADDRESS-I AD_ADDRESS-I AD_DETAIL-B O O O O
네 확인 감사합니다. 배송 받으셨던 주소지 서울 관악구 명동7길 이하 주소 확인 부탁드립니다.	O O O O O O AD_ADDRESS-B AD_ADDRESS-I AD_ADDRESS-I O O O O
조흥아파트 365동 4742호 입니다.	AD_DETAIL-B AD_DETAIL-I AD_DETAIL-I O
강원도 원주시 단구동 500-1	AD_ADDRESS-B AD_ADDRESS-I AD_ADDRESS-I AD_ADDRESS-I
한화포레나아파트 427동5076호입니다.	AD_DETAIL-B AD_DETAIL-I
113동 4552호입니다.	AD_DETAIL-B AD_DETAIL-I
종로구 삼청로 108	AD_ADDRESS-B AD_ADDRESS-I AD_ADDRESS-I
군대생활 마무리를 광주 비행장에서 했고, 아버님 고향이 하남면 장덕리 736번지라 자주 다녔던 곳입니다.	O O O O O O O AD_ADDRESS-B AD_ADDRESS-I AD_ADDRESS-I O O O
저희가 회수 접수해드리겠습니다. 회수할 주소는 배송받으셨던 대전 동구 문화북4길 32 주공아파트 이하 주소 다시 한번 확인 부탁드립니다.	O O O O O O AD_ADDRESS-B AD_ADDRESS-I AD_ADDRESS-I AD_ADDRESS-I AD_DETAIL-B O O O O O O
현대시티아울렛 라에스키모 카페에서 먹었던 음료	AD_DETAIL-B AD_DETAIL-I O O O
네 알겠습니다. 그러면 수거할 주소는 배송 받으셨던 서울 서초구 주안2동 1450 아파트 몇 동 몇 호입니까?	O O O O O O O AD_ADDRESS-B AD_ADDRESS-I AD_ADDRESS-I AD_DETAIL-B AD_DETAIL-I O O O O
회수는 서울 마포구 대저1동 롯데3차아파트 이하 주소 확인 부탁 드립니다.	O AD_ADDRESS-B AD_ADDRESS-I AD_ADDRESS-I AD_DETAIL-B O O O O O
네 배송 받으시는 주소는 경기 수원시 장안구 상도로 12길 이하 주소 확인 부탁 드립니다.	O O O O O AD_ADDRESS-B AD_ADDRESS-I AD_ADDRESS-I AD_ADDRESS-I O O O O O
사매면 인화리 미장휴먼시아 270동 3145호요.	AD_ADDRESS-B AD_ADDRESS-I AD_DETAIL-B AD_DETAIL-I AD_DETAIL-I
부산광역시 강서구 유통단지1로 76 건축자제판매단지 8동 101호	AD_ADDRESS-B AD_ADDRESS-I AD_ADDRESS-I AD_ADDRESS-I AD_DETAIL-B AD_DETAIL-I AD_DETAIL-I
네 기다려주셔서 감사합니다. 회수는 울산 북구 효자동1가 이하 주소 확인 부탁 드립니다.	O O O O AD_ADDRESS-B AD_ADDRESS-I AD_ADDRESS-I O O O O O
지금 장림1동 위브아파트 지하주차장이에요.	O AD_ADDRESS-B AD_DETAIL-B O
804동3812호 입니다.	AD_DETAIL-B O
네 124동 3467호요.	O AD_DETAIL-B AD_DETAIL-I
그럼 반품 처리 도와드리겠습니다. 회수하는 주소는 기존에 배송 받으셨던 경북 부여군 장암면 이하 주소 말씀 부탁드립니다.	O O O O O O O O O AD_ADDRESS-B AD_ADDRESS-I AD_ADDRESS-I O O O O
제주특별자치도 서귀포시 청원구 법1동 다음주소가	AD_ADDRESS-B AD_ADDRESS-I AD_ADDRESS-I O O
저희가 수거해 갈 주소는 처음 배송 받으셨던 충남 서산시 물금읍 이하 주소 확인 부탁드립니다.	O O O O O O O AD_ADDRESS-B AD_ADDRESS-I AD_ADDRESS-I O O O O
확인해 주셔서 감사합니다. 수거할 주소가 배송 받으셨던 서울 영등포구 효창원로 8길 64맞습니까?	O O O O O O O AD_ADDRESS-B AD_ADDRESS-I AD_ADDRESS-I AD_ADDRESS-I AD_ADDRESS-I
130동 448호요.	AD_DETAIL-B AD_DETAIL-I
D동 3934호요.	AD_DETAIL-B AD_DETAIL-I
서울 강남구 삼성동 159번지 코엑스몰 B2 G209호	AD_ADDRESS-B AD_ADDRESS-I AD_ADDRESS-I AD_ADDRESS-I AD_DETAIL-B AD_DETAIL-I AD_DETAIL-I
쌍용1차아파트 1818동 1108호입니다.	AD_DETAIL-B AD_DETAIL-I AD_DETAIL-I
쌍문3동역에서 가까운 지점 알려주시면 가져다 드릴게요.	AD_DETAIL-B O O O O O
안타깝지만 반품 접수 진행해드렸습니다. 회수 주소지는 서울 노원구 공릉로 59길 25 청솔아파트 몇 동 몇 호세요?	O O O O O O AD_ADDRESS-B AD_ADDRESS-I AD_ADDRESS-I AD_ADDRESS-I AD_ADDRESS-I AD_DETAIL-B O O O O
1258동 4161호요.	AD_DETAIL-B AD_DETAIL-I
금광2동 래미안금광아파트 588호요.	AD_ADDRESS-B AD_DETAIL-B AD_DETAIL-I
광주광역시 동구 동계천로5번길 입니다.	AD_ADDRESS-B AD_ADDRESS-I AD_ADDRESS-I O
주소: 1275 Pale San Vitores Rd 전화: +1 671-647-1234	O AD_ADDRESS-B AD_ADDRESS-I AD_ADDRESS-I AD_ADDRESS-I AD_ADDRESS-I O O O
서곡동다음주소가 어떻게되시죠?	AD_ADDRESS-B O
경기 파주시 광탄면 신산리	AD_ADDRESS-B AD_ADDRESS-I AD_ADDRESS-I AD_ADDRESS-I
부산광역시 해운대구 마린시티2로 38 해운대아이파크	AD_ADDRESS-B AD_ADDRESS-I AD_ADDRESS-I AD_ADDRESS-I AD_DETAIL-B
1231동 1691호요.	AD_DETAIL-B AD_DETAIL-I
상품 회수할 주소는 인천 연수구 식사동 북성로2길 나머지 주소 확인 부탁드립니다.	O O O AD_ADDRESS-B AD_ADDRESS-I AD_ADDRESS-I AD_ADDRESS-I O O O O
네, 확인 감사합니다. 회수할 주소는 경기 김포시 밀머리로 1번길 56 이하 주소 말씀 부탁드립니다.	O O O O O O AD_ADDRESS-B AD_ADDRESS-I AD_ADDRESS-I AD_ADDRESS-I O O O O
구반포역 3번 출구에서 Om 정도 직진 하시면 구반포지점이 있습니다.	AD_DETAIL-B AD_DETAIL-I O O O O O AD_DETAIL-I O
네, 알겠습니다. 회수할 주소는 경북 안동시 금촌1동 10 이하 주소 확인 부탁드립니다.	O O O O AD_ADDRESS-B AD_ADDRESS-I AD_ADDRESS-I AD_ADDRESS-I O O O O
김천시 동안구 감전동 다음주소가 어떻게되시죠?	AD_ADDRESS-B AD_ADDRESS-I AD_ADDRESS-I O O
무지개마을제일아파트 102동 301호입니다.	AD_DETAIL-B AD_DETAIL-I AD_DETAIL-I
계림1동 입니다.	AD_ADDRESS-B O
자이아파트 97동 62호입니다.	AD_DETAIL-B AD_DETAIL-I AD_DETAIL-I
681동 890호요.	AD_DETAIL-B AD_DETAIL-I
제주특별자치도 제주시 구좌읍 비자숲길 55	AD_ADDRESS-B AD_ADDRESS-I AD_ADDRESS-I AD_ADDRESS-I AD_ADDRESS-I
네, 확인 감사합니다. 수거할 주소는 기존에 받으셨던 서울 성북구 석촌동 와룡로 45길 맞습니까?	O O O O O O O AD_ADDRESS-B AD_ADDRESS-I AD_ADDRESS-I AD_ADDRESS-I AD_ADDRESS-I O
주소 : 서울특별시 강서구 KBS스포츠월드 제1체육관 탁구장	O O AD_ADDRESS-B AD_ADDRESS-I AD_DETAIL-B AD_DETAIL-I AD_DETAIL-I
e편한세상아파트 208동8435호입니다.	AD_DETAIL-B AD_DETAIL-I
해운대 토요코인호텔	AD_DETAIL-B AD_DETAIL-I
부산광역시 남구 유엔평화로 110	AD_ADDRESS-B AD_ADDRESS-I AD_ADDRESS-I AD_ADDRESS-I
구천면 미천리 입니다.	AD_ADDRESS-B AD_ADDRESS-I O
기다려주셔서 감사합니다. 수거할 주소는 배송받으셨던 서울 동대문구 쪽구름2길 맞습니까?	O O O O O AD_ADDRESS-B AD_ADDRESS-I AD_ADDRESS-I O
70동 540호요.	AD_DETAIL-B AD_DETAIL-I
네, 확인 감사합니다. 배송 받으셨던 주소가 인천 계양구 목천읍 맞습니까?	O O O O O O AD_ADDRESS-B AD_ADDRESS-I AD_ADDRESS-I O
광안리 민락동 카페 그레코 방문!!	AD_ADDRESS-I AD_ADDRESS-I O AD_DETAIL-B O
북구 동천동 부영e그린타운 209호요.	AD_ADDRESS-B AD_ADDRESS-I AD_DETAIL-B AD_DETAIL-I
570동 612호요.	AD_DETAIL-B AD_DETAIL-I
○현대백화점 목동점 지하1층 언더라이즈(5호선 오목교역)	AD_DETAIL-B AD_DETAIL-I AD_DETAIL-I AD_DETAIL-I AD_DETAIL-I
데시앙아파트 835동5694호입니다.	AD_DETAIL-B AD_DETAIL-I
네 확인해 주셔서 감사합니다. 지금 그러면 반품 접수 도움 드릴 텐데 회수는 광주 광역시 남구 독산3동 이하 주소 확인 부탁 드리겠습니다.	O O O O O O O O O O O O AD_ADDRESS-B AD_ADDRESS-I AD_ADDRESS-I AD_ADDRESS-I O O O O O
이천시 완산구 휘경1동 다음주소가 어떻게되십니까?	AD_ADDRESS-B AD_ADDRESS-I AD_ADDRESS-I O O
삼성역에 브루클린이 생겼다기에 택시타고 달려가서 머겅ㅋ두번머겅ㅋ 했음	AD_DETAIL-B AD_DETAIL-I O O O O O
청주대학교 석우문화체육관 1899-0042 (공연관련문의)	AD_DETAIL-B AD_DETAIL-I O O
서울 노원구 동일로227길 47 온누리유치원 4층	AD_ADDRESS-B AD_ADDRESS-I AD_ADDRESS-I AD_ADDRESS-B AD_DETAIL-B AD_DETAIL-B
네, 확인해 주셔서 감사합니다. 회수는 경기 시흥시 신북읍 천전리 이하 주소 말씀 부탁드립니다.	O O O O O AD_ADDRESS-B AD_ADDRESS-I AD_ADDRESS-I AD_ADDRESS-I O O O O
확인 감사합니다. 회수할 주소지는 배송받으셨던 서울 광진구 충장로3길 56 맞습니까?	O O O O O AD_ADDRESS-B AD_ADDRESS-I AD_ADDRESS-I AD_ADDRESS-I O
중랑구 면목4동 368요.	AD_ADDRESS-B AD_ADDRESS-I AD_ADDRESS-I
655동4775호 입니다.	AD_DETAIL-B O
경기도 군포시 산본동 92-4 3층	AD_ADDRESS-B AD_ADDRESS-I AD_ADDRESS-I AD_ADDRESS-I AD_DETAIL-B
경기도 고양시 일산서구 중앙로 1559 씨티타워	AD_ADDRESS-B AD_ADDRESS-I AD_ADDRESS-I AD_ADDRESS-I AD_ADDRESS-I AD_DETAIL-B
아 울산 광역시 중구 태평로 155번길 64번지요.	O AD_ADDRESS-B AD_ADDRESS-I AD_ADDRESS-I AD_ADDRESS-I AD_ADDRESS-I AD_ADDRESS-I
호반베르디움아파트 298동9340호입니다.	AD_DETAIL-B AD_DETAIL-I
1619동 645호 입니다.	AD_DETAIL-B AD_DETAIL-I O
741 다시 33 성호샤인힐즈아파트 505호요.	AD_ADDRESS-B AD_ADDRESS-I AD_ADDRESS-I AD_DETAIL-B AD_DETAIL-I
동해면 장기2길 입니다.	AD_DETAIL-B AD_DETAIL-I O
지동역이시면 2번 출구에 지동역지점이 있습니다.	AD_DETAIL-B AD_DETAIL-I O AD_DETAIL-I O
서울특별시 관악구 관악로 168 대우디오슈페리움2단지 203호	AD_ADDRESS-B AD_ADDRESS-I AD_ADDRESS-I AD_ADDRESS-I AD_DETAIL-B AD_DETAIL-I
서울특별시 강서구 화곡로 398 홈플러스강서점	AD_ADDRESS-B AD_ADDRESS-I AD_ADDRESS-I AD_ADDRESS-I AD_DETAIL-B
경기도 부천시 부일로449번길 12 구구빌딩 4층	AD_ADDRESS-B AD_ADDRESS-I AD_ADDRESS-I AD_ADDRESS-I AD_DETAIL-B AD_DETAIL-I
580동 1277호 입니다.	AD_DETAIL-B AD_DETAIL-I O
네 확인해 주셔서 감사합니다. 반품하실 주소는 배송받으셨던 경남 김해시 미양면 이하 주소 확인 부탁 드립니다.	O O O O O O O AD_ADDRESS-B AD_ADDRESS-I AD_ADDRESS-I O O O O O
고객님 주소가 오산시 마포구 행당2동 다음 주소는 무엇인가요?	O O AD_ADDRESS-B AD_ADDRESS-I AD_ADDRESS-I O O O
영천시 동래구 상망동 다음주소가 어떻게되십니까?	AD_ADDRESS-B AD_ADDRESS-I AD_ADDRESS-I O O
장평로 6길 4161호요.	AD_ADDRESS-B AD_ADDRESS-I AD_DETAIL-B
인천광역시 강화군 강화읍 화성길50번길 43 남산유스호스텔	AD_ADDRESS-B AD_ADDRESS-I AD_ADDRESS-I AD_ADDRESS-I AD_ADDRESS-I AD_DETAIL-B
상주시 중구 미산동 다음주소가 어떻게되십니까?	AD_ADDRESS-B AD_ADDRESS-I AD_ADDRESS-I O O
부산시 금정구 부산대학로 10	AD_ADDRESS-B AD_ADDRESS-I AD_ADDRESS-I AD_ADDRESS-I
강원도 속초시 관광로408번길 42 스테이 오롯이	AD_ADDRESS-B AD_ADDRESS-I AD_ADDRESS-I AD_ADDRESS-I AD_DETAIL-B AD_DETAIL-I
청주시 북구 약사동 다음주소가 어떻게되십니까?	AD_ADDRESS-B AD_ADDRESS-I AD_ADDRESS-I O O
서울특별시 중구 충무로1가 24-14 서양빌딩4층	AD_ADDRESS-B AD_ADDRESS-I AD_ADDRESS-I AD_ADDRESS-I AD_DETAIL-B
아이파크아파트 184동7582호입니다.	AD_DETAIL-B AD_DETAIL-I
주소 : 경기도 부천시 원미구 심곡동 385번지, 피노키오상가 123호	O O AD_ADDRESS-B AD_ADDRESS-I AD_ADDRESS-I AD_ADDRESS-I AD_ADDRESS-I AD_DETAIL-B AD_DETAIL-I
충청남도 서천군 종천면 지석리 9번지.	AD_ADDRESS-B AD_ADDRESS-I AD_ADDRESS-I AD_ADDRESS-I AD_ADDRESS-I
관악구 미성동 1717 553호요.	AD_ADDRESS-B AD_ADDRESS-I AD_ADDRESS-I AD_DETAIL-B
고객님 주소가 광주광역시 일곡동 다음주소가 어떻게되십니까?	O O AD_ADDRESS-B AD_ADDRESS-I O O
호반베르디움아파트 581동8031호입니다.	AD_DETAIL-B AD_DETAIL-I
경산시 압량면 가일길 205호입니다.	AD_ADDRESS-B AD_ADDRESS-I AD_ADDRESS-I AD_DETAIL-B
하늘채아파트 744동2841호입니다.	AD_DETAIL-B AD_DETAIL-I
515동 3616호요.	AD_DETAIL-B AD_DETAIL-I
474동 2800호요.	AD_DETAIL-B AD_DETAIL-I
주소 : 서울 중구 명동8나길 47	O O AD_ADDRESS-B AD_ADDRESS-I AD_ADDRESS-I AD_ADDRESS-I
충남 천안시 동남구 안서동 142-1	AD_ADDRESS-B AD_ADDRESS-I AD_ADDRESS-I AD_ADDRESS-I AD_ADDRESS-I
133동 1751호요.	AD_DETAIL-B AD_DETAIL-I
장소 : 서울 강서구 등촌동 73-1, 3층 썬프리모 , 가양역 9번 출구	O O AD_ADDRESS-B AD_ADDRESS-I AD_ADDRESS-I AD_ADDRESS-I AD_DETAIL-B AD_DETAIL-I O O O O
네, 수거할 주소가 배송 받으셨던 대구 북구 대명11동 산 360 해성빌딩 맞습니까?	O O O O O AD_ADDRESS-B AD_ADDRESS-I AD_ADDRESS-I AD_ADDRESS-I AD_ADDRESS-I AD_DETAIL-B O
경기도 파주시 광탄면 보광로 787 카페787	AD_ADDRESS-B AD_ADDRESS-I AD_ADDRESS-I AD_ADDRESS-I AD_ADDRESS-I AD_DETAIL-B
경기도 파주시 탄현면 헤이리마을길 37-17	AD_ADDRESS-B AD_ADDRESS-I AD_ADDRESS-I AD_ADDRESS-I AD_ADDRESS-I
서울특별시 마포구 와우산로29길 14-8 2층	AD_ADDRESS-B AD_ADDRESS-I AD_ADDRESS-I AD_ADDRESS-I AD_DETAIL-B
예, 수거될 주소가 경기도 화성시 처인구 중부대로 1576번길로 나오는데 맞습니까?	O O O AD_ADDRESS-B AD_ADDRESS-I AD_ADDRESS-I AD_ADDRESS-I AD_ADDRESS-I O O
우면동 312 다시 28.	AD_ADDRESS-B AD_ADDRESS-I AD_ADDRESS-I AD_ADDRESS-I
OO동 동문굿모닝힐아파트앞이요.	O AD_DETAIL-B
- 매장주소 : 인천 미추홀구 매소홀로 618	O O O AD_ADDRESS-B AD_ADDRESS-I AD_ADDRESS-I AD_ADDRESS-I
네비주소 : 용강동 472-4 !!!	O O AD_ADDRESS-B AD_ADDRESS-I O
신세계백화점 의정부점 1층 발레주차장입구 031-3531-3070	AD_DETAIL-B AD_DETAIL-I AD_DETAIL-I O O
247동1819호입니다.	AD_DETAIL-B
용호동오찬유사회 29일(수) 13시 해월정삼계탕-이전 새집 (611-1911) 참석요망 배수태유사	AD_ADDRESS-B O O O O O O O
전라남도 함평군 함평읍 곤재로 27 함평엑스포공원	AD_ADDRESS-B AD_ADDRESS-I AD_ADDRESS-I AD_ADDRESS-I AD_ADDRESS-I AD_DETAIL-B
배송 받으셨던 주소 강원 강릉시 만부로 6번 길 이하 주소 확인 부탁 드립니다.	O O O AD_ADDRESS-B AD_ADDRESS-I AD_ADDRESS-I AD_ADDRESS-I AD_ADDRESS-I O O O O O
시흥동오피스 547동 4864호요.	AD_DETAIL-B AD_DETAIL-I AD_DETAIL-I
양재동 완산터널 근방이에요	AD_ADDRESS-B AD_DETAIL-B O
890호요.	AD_DETAIL-B
배송 받으신 주소가 강원도 춘천시 중리동으로 확인되는데 맞습니까?	O O O AD_ADDRESS-B AD_ADDRESS-I AD_ADDRESS-I O O
서울특별시 노량진1동 강변유원아파트 정문 이예요.	AD_ADDRESS-B AD_ADDRESS-I AD_DETAIL-B O O
코엑스 카카오프렌즈샵에 다녀왔어요!	AD_DETAIL-B AD_DETAIL-I O
확인해 주셔서 감사합니다. 수거할 주소는 배송 받으셨던 경남 창원시 원미구 이하 주소 확인 부탁드립니다.	O O O O O O O AD_ADDRESS-B AD_ADDRESS-I O O O O O
광주광역시 남구 월산로 151 1층 onoff coffee	AD_ADDRESS-B AD_ADDRESS-I AD_ADDRESS-I O AD_ADDRESS-I AD_DETAIL-B AD_DETAIL-I
나주 레스토랑 영산나루	AD_DETAIL-B AD_DETAIL-I AD_DETAIL-I
물어보시는 분들이 많아서..! 여기는 구좌읍 송당리산164-4 입니다:) 네비찍고 슝슝 다녀오세요	O O O O AD_ADDRESS-B AD_ADDRESS-I O O O O
네, 확인 감사합니다. 수거할 주소지는 배송 받으셨던 경기 남양주시 곤지암읍 하열미길	O O O O O O O AD_ADDRESS-B AD_ADDRESS-I AD_ADDRESS-I AD_ADDRESS-I
스위첸아파트 528동5813호입니다.	AD_DETAIL-B AD_DETAIL-I
회수는 부산 해운대구 망포동 이하 주소 확인 부탁 드립니다.	O AD_ADDRESS-B AD_ADDRESS-I AD_ADDRESS-I O O O O O
989호.	AD_DETAIL-B
고객님 주소가 광주시 상당구 천호2동 다음 주소는 무엇인가요?	O O AD_ADDRESS-B AD_ADDRESS-I AD_ADDRESS-I O O O
스위첸아파트 469동8187호입니다.	AD_DETAIL-B AD_DETAIL-I
363동 4574호요.	AD_DETAIL-B AD_DETAIL-I
고객님 주소가 서울특별시 도봉구 도봉2동 다음 무엇인가요?	O O AD_ADDRESS-B AD_ADDRESS-I AD_ADDRESS-I O O
먼저 양재역 고기집 육갑식당의 위치는	O AD_DETAIL-B O AD_DETAIL-I O
위치 : 서울 서초구 강남대로 305 (현대렉시온) 514호 전화 : 010-2388-809	O O AD_ADDRESS-B AD_ADDRESS-I AD_ADDRESS-I AD_ADDRESS-I AD_DETAIL-B AD_DETAIL-I O O O
아 네 확인해 주셔서 감사합니다. 그러면 택배 기사가 방문해서 수거할 예정인데요 네 배송 받으셨던 서울 강서구 중부대로 에서 진행을 해드리면 될까요?	O O O O O O O O O O O O O O AD_ADDRESS-B AD_ADDRESS-I AD_ADDRESS-I O O O O
오복손두부 라는 식당에 들렀다.	AD_DETAIL-B O O O
220동2275호입니다.	AD_DETAIL-B
네 스위첸아파트 873동3457호 입니다	O AD_DETAIL-B AD_DETAIL-B O
센텀시티 2층 컨시어지데스크 032-6278-6466	AD_DETAIL-B AD_DETAIL-I O O
회수할 주소는 전남 경주시 건천읍 모량서당길 맞습니까?	O O AD_ADDRESS-B AD_ADDRESS-I AD_ADDRESS-I AD_ADDRESS-I O
2701동 3644호요.	AD_DETAIL-B AD_DETAIL-I
종각 4거리 H건물 10층에 있습니다	AD_DETAIL-B AD_DETAIL-I AD_DETAIL-I AD_DETAIL-I O
책향기로423 쓰고 가시면	AD_ADDRESS-B O O
43번지 1층 입니다.	AD_DETAIL-B AD_DETAIL-I O
한화포레나아파트 200동1111호입니다.	AD_DETAIL-B AD_DETAIL-I
고객님 주소가 진주시 수지구 철산1동 다음 무엇인가요?	O O AD_ADDRESS-B AD_ADDRESS-I AD_ADDRESS-I O O
120다시 49 3동 305호요.	AD_ADDRESS-B AD_ADDRESS-I AD_DETAIL-B AD_DETAIL-I
하늘채아파트 679동 1745호 입니다.	AD_DETAIL-B AD_DETAIL-I AD_DETAIL-I O
네, 회수할 주소지가 서울 관악구 진동면 소칠길 8 맞습니까?	O O O AD_ADDRESS-B AD_ADDRESS-I AD_ADDRESS-I AD_ADDRESS-I AD_ADDRESS-I O
중랑동 1773호입니다.	AD_DETAIL-B AD_DETAIL-B
서울시가 21일(금) 부터 오는 23(일)까지 4일간 상암동 DMC에 위치한 KGIT 4층 시네마홀에서	O O O O O O AD_DETAIL-B AD_DETAIL-I O AD_DETAIL-I AD_DETAIL-I AD_DETAIL-I
서울특별시 중랑구 상봉로 118 이마트상봉점	AD_ADDRESS-B AD_ADDRESS-I AD_ADDRESS-I AD_ADDRESS-I AD_DETAIL-B
12동307호 입니다.	AD_DETAIL-B O
네 상품 회수지는 충남 아산시 정안면 이하 주소 말씀해주시겠습니까?	O O O AD_ADDRESS-B AD_ADDRESS-I AD_ADDRESS-I O O O
600동 402호요.	AD_DETAIL-B AD_DETAIL-I
현재 주소지가 부산광역시 남구 정서진8로 그뒤 나머지주소가 어떻게 되시요	O O AD_ADDRESS-B AD_ADDRESS-I AD_ADDRESS-I O O O O
송파구 거여1동 349-13 입니다.	AD_DETAIL-B AD_DETAIL-I AD_DETAIL-I O
여기 오산역 2번 출구에 있는 오산지점 ATM기입니다.	O AD_DETAIL-B AD_DETAIL-I O O AD_DETAIL-I O
네 회수는 서울 성북구 삼성동 이하 주소 확인 부탁 드립니다.	O O AD_ADDRESS-B AD_ADDRESS-I AD_ADDRESS-I O O O O O
과천시 성북구 중계2.3동 다음주소가 어떻게되시죠?	AD_ADDRESS-B AD_ADDRESS-I AD_ADDRESS-I O O
부산광역시 중구 내손1동 새벽시장로 푸르지오아파트 246동5720호 입니다	AD_ADDRESS-B AD_ADDRESS-I AD_ADDRESS-I AD_ADDRESS-I AD_DETAIL-B AD_DETAIL-I O
네, 회수할 주소가 배송 받으셨던 경기도 김포시 마산합포구 교방남1길 맞습니까?	O O O O O AD_ADDRESS-B AD_ADDRESS-I AD_ADDRESS-I AD_ADDRESS-I O
1500동1587호입니다.	AD_DETAIL-B
e편한세상아파트 897동8865호입니다.	AD_DETAIL-B AD_DETAIL-I
지번 기산리 570-1	O AD_ADDRESS-B AD_ADDRESS-I
수거하러 갈 주소가 경북 고창군 공음면 나머지 주소 말씀 부탁 드립니다.	O O O AD_ADDRESS-B AD_ADDRESS-I AD_ADDRESS-I O O O O O
분평동 벨롱에 도착!	AD_ADDRESS-B AD_DETAIL-B O
강원도 강릉시 산양큰길23번길입니다.	AD_ADDRESS-B AD_ADDRESS-I AD_ADDRESS-I
전라남도 담양군 담양읍 메타프로방스2길 6-17 201동 101호	AD_ADDRESS-B AD_ADDRESS-I AD_ADDRESS-I AD_ADDRESS-I AD_ADDRESS-I AD_DETAIL-B AD_DETAIL-I
◎주소 : 충청북도 제천시 청풍면 청풍호로 2048	O O AD_ADDRESS-B AD_ADDRESS-I AD_ADDRESS-I AD_ADDRESS-I AD_ADDRESS-I
장소 : 용호2동 오가네돼지국밥 (010-7416-2332, 용호2동 529-22 수구리보리밥 앞)	O O AD_ADDRESS-B AD_DETAIL-B O AD_ADDRESS-B AD_ADDRESS-I AD_DETAIL-B O
네, 저희 은행 와룡로지점 직원이 맞습니다.	O O O AD_DETAIL-B O O
705동1803호 입니다.	AD_DETAIL-B O
(서울 노원구 상계동 652-2)	AD_ADDRESS-B AD_ADDRESS-I AD_ADDRESS-I AD_ADDRESS-I
여수 돌게장 백반, 거북이 식당	AD_DETAIL-B O O AD_DETAIL-I AD_DETAIL-I
주 소 : 부산광역시 남구 분포로 113 218-1703	O O O AD_ADDRESS-B AD_ADDRESS-I AD_ADDRESS-I AD_ADDRESS-I O
주소 : 경북 경주시 보문로 123-16	O O AD_ADDRESS-B AD_ADDRESS-I AD_ADDRESS-I AD_ADDRESS-I
인천광역시 남동구 에코중앙로 48번길입니다.	AD_ADDRESS-B AD_ADDRESS-I AD_ADDRESS-I AD_ADDRESS-I
중산마을6단지아파트아파트 111동 1953호요.	AD_DETAIL-B AD_DETAIL-I AD_DETAIL-I
종로 5가에 있습니다	AD_DETAIL-B AD_DETAIL-I O
목동신시가지아파트 1448동 1272호입니다.	AD_DETAIL-B AD_DETAIL-I AD_DETAIL-I
네, 확인해 주셔서 감사합니다. 회수는 경기 부천시 황성동 맞습니까?	O O O O O AD_ADDRESS-B AD_ADDRESS-I AD_ADDRESS-I O
함덕해수욕장 코업제주비치 호텔	AD_DETAIL-B AD_DETAIL-I AD_DETAIL-I
동부이촌동 카페C의 크레이프 케이크도	AD_ADDRESS-B AD_DETAIL-B O O
여의도 메리어트호텔 1층에 있어요- 트리로 예쁘게 장식된 입구부터 마음에 쏙 들었던 공간입니당 ♡	AD_DETAIL-B AD_DETAIL-I AD_DETAIL-I O O O O O O O O O O
동천동입니다.	AD_ADDRESS-B
광주광역시 남구 군분로52번길 4 1층	AD_ADDRESS-B AD_ADDRESS-I AD_ADDRESS-I AD_ADDRESS-I AD_DETAIL-I
경기도 수원시 영통구 광교중앙로248번길 7-2 B동 701, 702호 원희캐슬 광교	AD_ADDRESS-B AD_ADDRESS-I AD_ADDRESS-I O AD_ADDRESS-I AD_DETAIL-B AD_DETAIL-I AD_DETAIL-I AD_DETAIL-I AD_DETAIL-I
대우 빌딩 4층 405호 입니다.	AD_DETAIL-B AD_DETAIL-I AD_DETAIL-I AD_DETAIL-I O
일산 장항동 라페스타E동에	AD_ADDRESS-B AD_ADDRESS-I AD_DETAIL-B
151동 3155호요.	AD_DETAIL-B AD_DETAIL-I
서울특별시 관악구 신림로 330 PODO Mall	AD_ADDRESS-B AD_ADDRESS-I AD_ADDRESS-I AD_ADDRESS-I AD_DETAIL-I AD_DETAIL-I
청송마을현대2단지아파트 아파트 311동	AD_DETAIL-B AD_DETAIL-I AD_DETAIL-I
기다려 주셔서 감사합니다. 회수는 경기 성남시 분당구 동탄지성로 이하 주소 확인 부탁 드립니다.	O O O O AD_ADDRESS-B AD_ADDRESS-I AD_ADDRESS-I AD_ADDRESS-I O O O O O
고객님 주소가 경주시안강동 다음 어떻게되시죠?	O O AD_ADDRESS-B O O
전라북도 남원시 함파우길 65-14	AD_ADDRESS-B AD_ADDRESS-I AD_ADDRESS-I AD_ADDRESS-I
경기 수원시 팔달구 인계동 1125-2 벽산그랜드코아 409호	AD_ADDRESS-B AD_ADDRESS-I AD_ADDRESS-I AD_ADDRESS-I AD_ADDRESS-I AD_DETAIL-I AD_DETAIL-I
고객님 반품 진행하겠습니다. 배송 받으신 주소가 서울 양천구 목동로 월평2길 이하 주소 말씀 부탁 드립니다.	O O O O O O AD_ADDRESS-B AD_ADDRESS-I AD_ADDRESS-I AD_ADDRESS-I O O O O O
영주시 완산구 하서동 다음주소가 어떻게되십니까?	AD_ADDRESS-B AD_ADDRESS-I AD_ADDRESS-I O O
451호.	AD_DETAIL-B
서울시 영등포구 대림로27길 3 (대림3동 710-9)	AD_ADDRESS-B AD_ADDRESS-I AD_ADDRESS-I AD_ADDRESS-I AD_ADDRESS-I AD_ADDRESS-I
경기도 안산시 단원구 동산로 268	AD_ADDRESS-B AD_ADDRESS-I AD_ADDRESS-I AD_ADDRESS-I AD_ADDRESS-I
신설3길 장림협성르네상스타운아파트 2005호 입니다.	AD_ADDRESS-B AD_DETAIL-B AD_DETAIL-I O
서광해인로즈빌아파트 515동 241호요.	AD_DETAIL-B AD_DETAIL-I AD_DETAIL-I
343동1261호입니다.	AD_DETAIL-B
충청남도 서산시 해미면 남문2로 143 해미읍성	AD_ADDRESS-B AD_ADDRESS-I AD_ADDRESS-I AD_ADDRESS-I AD_ADDRESS-I AD_DETAIL-B
네. 서울 노원구 방배1동 예당호동길 902 하림아파트 이하 주소 확인 부탁드립니다.	O AD_ADDRESS-B AD_ADDRESS-I AD_ADDRESS-I AD_ADDRESS-I AD_ADDRESS-I AD_ADDRESS-I O O O O
- 주소: 서울 서대문구 이화여대7길 41	O O AD_ADDRESS-B AD_ADDRESS-I AD_ADDRESS-I AD_ADDRESS-I
44동 867호요.	AD_DETAIL-B AD_DETAIL-I
서울특별시 서초구 강남대로39길 5 서초동두산위브	AD_ADDRESS-B AD_ADDRESS-I AD_ADDRESS-I AD_ADDRESS-I AD_DETAIL-B
수원권선SKVIEW 106동 1987호요.	AD_DETAIL-B AD_DETAIL-I AD_DETAIL-I
네, 확인 감사합니다. 회수할 주소가 서울 동대문구 나운3동 롯데4차아파트 이하 주소 말씀 부탁드립니다.	O O O O O AD_ADDRESS-B AD_ADDRESS-I AD_ADDRESS-I AD_DETAIL-B O O O O
오늘은 청주 분평동에 위치한 CAFE 벨롱을 보여드릴게요!	O AD_ADDRESS-B AD_ADDRESS-I O AD_DETAIL-B O O
네 고객님 기다려 주셔서 너무 감사합니다. 회수할 주소는 서울 강서구 응암 1동 738 현대1차아파트 이하 나머지 주소 확인 부탁 드립니다.	O O O O O O O O AD_ADDRESS-B AD_ADDRESS-I AD_ADDRESS-I AD_ADDRESS-I AD_ADDRESS-I AD_ADDRESS-I O O O O O O
양평군 용문면 다문1리 공릉효성화운트빌요.	AD_ADDRESS-B AD_ADDRESS-I AD_ADDRESS-I AD_DETAIL-B
114동 101호요.	AD_DETAIL-B AD_DETAIL-I
네. 예. 불편 드려 죄송합니다. 수거할 주소는 배송 받으셨던 경기 포천시 주례2동 27 맞습니까?	O O O O O O O O O AD_ADDRESS-B AD_ADDRESS-I AD_ADDRESS-I AD_ADDRESS-I O
네, 확인 감사합니다. 회수할 주소가 경남 김해시 완산구 평화동1가 이하 주소 확인 부탁드립니다.	O O O O O AD_ADDRESS-B AD_ADDRESS-I AD_ADDRESS-I AD_ADDRESS-I O O O O
※희방사 : 경북 영주시 풍기읍 수철동 산 1번지, 전화 062-5109-6447	O O AD_ADDRESS-B AD_ADDRESS-I AD_ADDRESS-I AD_ADDRESS-I AD_ADDRESS-I AD_ADDRESS-I O O
주소지는 더플래티넘아파트 105동 203호로 보내주세요.	O AD_DETAIL-B O O O
666호.	AD_DETAIL-B
회수는 기존에 배송 받으셨던 대전 유성구 만리산로81번길 16 내리신라아파트맞습니까?	O O O O AD_ADDRESS-B AD_ADDRESS-I AD_ADDRESS-I AD_ADDRESS-I AD_DETAIL-B
반품 처리 도움 드리도록 하겠습니다. 상품 수거할 주소가 배송 받으셨던 경상남도 창원시 소룡동 1580 맞습니까?	O O O O O O O O O O AD_ADDRESS-B AD_ADDRESS-I AD_ADDRESS-I AD_ADDRESS-I O
부산광역시 동래구 명안로 동문굿모닝힐아파트 1638호 입니다.	AD_ADDRESS-B AD_ADDRESS-I AD_ADDRESS-I AD_DETAIL-B AD_DETAIL-I O
네 확인 감사합니다. 배송 받으셨던 서울 특별시 성동구 금호산2길 17 삼익2차 아파트 몇 동 몇 호이신가요?	O O O O O AD_ADDRESS-B AD_ADDRESS-I AD_ADDRESS-I AD_ADDRESS-I AD_ADDRESS-I AD_DETAIL-B AD_DETAIL-I O O O O
네 상품 수거할 주소가 배송 받으셨던 대전 서구 교동 맞습니까?	O O O O O O AD_ADDRESS-B AD_ADDRESS-I AD_ADDRESS-I O
원미2동 200 1723호입니다.	AD_ADDRESS-B AD_ADDRESS-I AD_ADDRESS-I
서울시 완산구 동군산로 벽산블루밍아파트 입니다.	AD_ADDRESS-B AD_ADDRESS-I AD_ADDRESS-I AD_DETAIL-B O
오산시 의창구 강남동 다음주소가 어떻게되시죠?	AD_ADDRESS-B AD_ADDRESS-I AD_ADDRESS-I O O
청주시 흥덕구 지동동 지동역입니다.	AD_ADDRESS-B AD_ADDRESS-I AD_ADDRESS-I AD_DETAIL-B
332호.	AD_DETAIL-B
서울특별시 서초구 청두곶길 6-1 1층 겁없는토끼부엌	AD_ADDRESS-B AD_ADDRESS-I AD_ADDRESS-I AD_ADDRESS-I AD_DETAIL-B AD_DETAIL-I
장소 : 외식명가 (전화 611-4300, 용호3동 84-5)	O O O O O AD_ADDRESS-B AD_ADDRESS-I
광교 상현역 밥집,	AD_ADDRESS-B AD_DETAIL-B O
네 회수는 서울 도봉구 월계로44가길 이하 주소 확인 부탁 드리겠습니다.	O O AD_ADDRESS-B AD_ADDRESS-I AD_ADDRESS-I O O O O O
충북 청주시 상당구 산성동	AD_ADDRESS-B AD_ADDRESS-I AD_ADDRESS-I AD_ADDRESS-I
네 역삼래미안아파트 99동 186호요.	O AD_DETAIL-B AD_DETAIL-I AD_DETAIL-I
이천시 서초구 교1동 다음주소가 어떻게되십니까?	AD_ADDRESS-B AD_ADDRESS-I AD_ADDRESS-I O O
중동 1134-2 골드존타워 2층	AD_ADDRESS-B AD_ADDRESS-I AD_DETAIL-B AD_DETAIL-I
네, 확인 감사합니다. 배송 받으셨던 주소가 대구 서구 황금1동 965 선우4차아파트 이하 주소 말씀 부탁드립니다.	O O O O O O AD_ADDRESS-B AD_ADDRESS-I AD_ADDRESS-I AD_ADDRESS-I AD_DETAIL-B O O O O
대영빌딩 99동 2787호요.	AD_DETAIL-B AD_DETAIL-I AD_DETAIL-I
예, 그럼 반품으로 도와드리겠습니다. 주소지는 충남 천안시 동남구 643번지 코오롱동신아파트 동일합니까?	O O O O O AD_ADDRESS-B AD_ADDRESS-I AD_ADDRESS-I AD_ADDRESS-I AD_DETAIL-B O
함안군 가야읍 북실길요.	AD_ADDRESS-B AD_ADDRESS-I AD_ADDRESS-I
오늘 소개할 물건은 연제구 거제동에 위치한	O O O AD_ADDRESS-B AD_ADDRESS-I O
신도림 디큐브시티 안에 있는	AD_ADDRESS-B AD_DETAIL-B O O
네 확인 감사합니다. 상품 수거할 주소 충남 아산시 전원1길 이하 주소 확인 부탁드립니다.	O O O O O O AD_ADDRESS-B AD_ADDRESS-I AD_ADDRESS-I O O O O
호반베르디움아파트 552동5143호입니다.	AD_DETAIL-B AD_DETAIL-I
위브아파트 722동3430호입니다	AD_DETAIL-B AD_DETAIL-I
서울특별시 용산구 신흥로3길 2	AD_ADDRESS-B AD_ADDRESS-I AD_ADDRESS-I AD_ADDRESS-I
네. 에이스하이엔드타워7 140동 1917호 확인 감사합니다.	O AD_DETAIL-B AD_DETAIL-I AD_DETAIL-I O O
지번: 회기동 42-21 조선삼겹	O AD_ADDRESS-B AD_ADDRESS-I AD_DETAIL-B
▲ 우리 숙소는 강릉 밸류호텔 ▲	O O O AD_DETAIL-B AD_DETAIL-I O
회수는 배송 받으셨던 주소 전북 익산시 강변로 맞습니까?	O O O O AD_ADDRESS-B AD_ADDRESS-I AD_ADDRESS-I O
방금 대내안지점 제갈희용에게 전화가 왔는데요.	O AD_DETAIL-B O O O
사3동 올림픽선수촌아파트 2001호예요.	AD_ADDRESS-B AD_DETAIL-B AD_DETAIL-I
네, 주소 확인하겠습니다. 서울시 서대문구 파장동 신천대로 65번길 이하 주소 말씀 부탁드립니다.	O O O AD_ADDRESS-B AD_ADDRESS-I AD_ADDRESS-I AD_ADDRESS-I AD_ADDRESS-I O O O O
네 확인해 주셔서 감사합니다. 그러면 지금 회수는 지금 광주 광산구 신길7동 이하 주소 확인 부탁 드리겠습니다.	O O O O O O O O AD_ADDRESS-B AD_ADDRESS-I AD_ADDRESS-I O O O O O
고객님 주소가 8204-1241번지 맞으시죠?	O O AD_DETAIL-B O
나주시 양천구 월송동 다음주소가 어떻게되십니까?	AD_ADDRESS-B AD_ADDRESS-I AD_ADDRESS-I O O
서울특별시 영등포구 여의대로 66 KTB	AD_ADDRESS-I AD_ADDRESS-I AD_ADDRESS-I AD_ADDRESS-I AD_DETAIL-B
받으셨던 주소 확인하겠습니다. 인천 동구 서봉로 이하 주소 말씀하시겠습니까?	O O O AD_ADDRESS-B AD_ADDRESS-I AD_ADDRESS-I O O O
광주광역시 북구 북문대로 60	AD_ADDRESS-B AD_ADDRESS-I AD_ADDRESS-I AD_ADDRESS-I
116동4893호입니다.	AD_DETAIL-B
롯데캐슬아파트 324동3326호입니다.	AD_DETAIL-B AD_DETAIL-I
네 확인 감사합니다. 상품 수거할 주소 부산 사상구 석정동 이하 주소 말씀 부탁 드립니다.	O O O O O O AD_ADDRESS-B AD_ADDRESS-I AD_ADDRESS-I O O O O O
전라남도 나주시 배멧3길 19-13 텔코어 1층	AD_ADDRESS-B AD_ADDRESS-I AD_ADDRESS-I AD_ADDRESS-I AD_DETAIL-B AD_DETAIL-I
충북 보은군 보은읍 이평리 125번지 뱃들공원	AD_ADDRESS-B AD_ADDRESS-I AD_ADDRESS-I AD_ADDRESS-I AD_ADDRESS-I AD_DETAIL-B
네. 1257동 928호요.	O AD_DETAIL-B AD_DETAIL-I
확인해 주셔서 감사합니다. 배송받으셨던 주소가 경기 안산시 서호동 맞습니까?	O O O O O AD_ADDRESS-B AD_ADDRESS-I AD_ADDRESS-I O
여상규 국회의원이 출마한 사천 남해 하동 선거구 후보자 TV 토론회 참가한 사진	O O O AD_ADDRESS-B AD_ADDRESS-I AD_ADDRESS-I O O O O O O
잠실동 CD기입니다.	AD_ADDRESS-B O
한라비발디아파트 584동6608호입니다	AD_DETAIL-B AD_DETAIL-I
경기도 군포시 산본로323번길 16-29 청송프라자	AD_ADDRESS-B AD_ADDRESS-I AD_ADDRESS-I AD_ADDRESS-I AD_DETAIL-B
서울특별시 마포구 어울마당로 45	AD_ADDRESS-B AD_ADDRESS-I AD_ADDRESS-I AD_ADDRESS-I
LG아파트 299동 2696호 입니다.	AD_DETAIL-B AD_DETAIL-I AD_DETAIL-I O
서울특별시 양천구 목동동로 431 104호	AD_ADDRESS-B AD_ADDRESS-I AD_ADDRESS-I AD_ADDRESS-I AD_DETAIL-B
배송 받으셨던 주소지 먼저 확인하겠습니다. 경기 안양시 만안구 태평2동 346 이하 주소 확인 부탁드립니다.	O O O O O AD_ADDRESS-B AD_ADDRESS-I AD_ADDRESS-I AD_ADDRESS-I AD_ADDRESS-I O O O O
네, 반품 처리 도와드리겠습니다. 수거 주소지는 고객님께서 배송받으셨던 경기 파주시 하안1동으로 진행을 해드릴까요?	O O O O O O O O AD_ADDRESS-B AD_ADDRESS-I AD_ADDRESS-I O O
광주광역시 광산구 첨단중앙로 23 남부대학교	AD_ADDRESS-B AD_ADDRESS-I AD_ADDRESS-I AD_ADDRESS-I AD_DETAIL-B
확인해 주셔서 감사합니다. 회수할 주소는 배송 받으셨던 인천 서구 삼성1동 이하 주소 확인 부탁드립니다.	O O O O O O O AD_ADDRESS-B AD_ADDRESS-I AD_ADDRESS-I O O O O
부산광역시 해운대구 좌동 1466-4 일진빌딩 4층	AD_ADDRESS-B AD_ADDRESS-I AD_ADDRESS-I AD_ADDRESS-I AD_DETAIL-B AD_DETAIL-I
김천시 영통구 고모동 다음주소가 어떻게되십니까?	AD_ADDRESS-B AD_ADDRESS-I AD_ADDRESS-I O O
스위첸아파트 397동5723호입니다.	AD_DETAIL-B AD_DETAIL-I
더플래티넘아파트 784동5093호입니다.	AD_DETAIL-B AD_DETAIL-I
616 다시 37 번지 38동 4280호요.	AD_ADDRESS-B AD_ADDRESS-I AD_ADDRESS-I AD_ADDRESS-I AD_DETAIL-B AD_DETAIL-I
□ 사무실: 부산진구 양지로 11번길 11, 2층 (화산빌딩, 5층) (양정1동 362-22)	O O AD_ADDRESS-B AD_ADDRESS-I AD_ADDRESS-I AD_ADDRESS-I AD_DETAIL-B AD_DETAIL-I AD_DETAIL-I AD_ADDRESS-B AD_ADDRESS-I
주소지 월평동에서 제일 가까운 고객센터는 신가꽃산길지점입니다. 해당 주소도 고객님 휴대폰으로 문자 안내드리겠습니다.	O AD_ADDRESS-B O O O AD_DETAIL-B O O O O O O
평택시 부산진구 서곡동 다음주소가 어떻게되십니까?	AD_ADDRESS-B AD_ADDRESS-I AD_ADDRESS-I O O
201동 1204호요.	AD_DETAIL-B AD_DETAIL-I
819호.	AD_DETAIL-B
499동 426호요.	AD_DETAIL-B AD_DETAIL-I
경기도 파주시 탄현면 법흥리 1652-116	AD_ADDRESS-B AD_ADDRESS-B AD_ADDRESS-I AD_ADDRESS-I AD_ADDRESS-I
푸르지오아파트 393동8147호입니다.	AD_DETAIL-B AD_DETAIL-I
광양시 북구 송정동 다음주소가 어떻게되시죠?	AD_ADDRESS-B AD_ADDRESS-I AD_ADDRESS-I O O
수거할 주소는 배송 받으셨던 경기도 김포시 명석면 우수리맞습니까?	O O O O AD_ADDRESS-B AD_ADDRESS-I AD_ADDRESS-I AD_ADDRESS-I
서울시 중량구 창2동 674 방축현대아파트 405동 3097호요.	AD_ADDRESS-B AD_ADDRESS-I AD_ADDRESS-I AD_ADDRESS-I AD_DETAIL-B AD_DETAIL-I AD_DETAIL-I
e편한세상아파트 656동4331호입니다.	AD_DETAIL-B AD_DETAIL-I
경기도 안산시 상록구 사동	AD_ADDRESS-B AD_ADDRESS-I AD_ADDRESS-I AD_ADDRESS-I
광주광역시 동구 서석로 23-9	AD_ADDRESS-B AD_ADDRESS-I AD_ADDRESS-I AD_ADDRESS-I
파주시 광진구 강매동 다음주소가 어떻게되십니까?	AD_ADDRESS-B AD_ADDRESS-I AD_ADDRESS-I O O
783동 4255호요.	AD_DETAIL-B AD_DETAIL-I
아, 417동 1719호요.	O AD_DETAIL-B AD_DETAIL-I
부산광역시 부산진구 중앙대로 993 시청역 롯데골드로즈	AD_ADDRESS-B AD_ADDRESS-I AD_ADDRESS-I AD_ADDRESS-I AD_DETAIL-B AD_DETAIL-I
강원도 원주시 개운5길요.	AD_ADDRESS-B AD_ADDRESS-I AD_ADDRESS-I
서울시 영등포구 여의공원로 13 KBS신관 누리동 2층	AD_ADDRESS-B AD_ADDRESS-I AD_ADDRESS-I AD_ADDRESS-I AD_DETAIL-B AD_DETAIL-I AD_DETAIL-I
네, 확인 감사합니다. 상품 수거는 배송받으셨던 경기도 하남시 서구 성정2동맞습니까?	O O O O O O AD_ADDRESS-B AD_ADDRESS-I AD_ADDRESS-I AD_ADDRESS-I
아 네 783동 4517호예요.	O O AD_DETAIL-B AD_DETAIL-I
강원도 강릉시 창해로350번길 21 1층 카페래바다	AD_ADDRESS-B AD_ADDRESS-I AD_ADDRESS-I AD_ADDRESS-I AD_DETAIL-B AD_DETAIL-I
303동 3273 호 입니다.	AD_DETAIL-B AD_DETAIL-I O O
네, 기다려 주셔서 감사합니다. 회수할 주소는 배송 받으셨던 강원 춘천시 법원읍 대능2리 이하 주소 말씀 부탁드립니다.	O O O O O O O O AD_ADDRESS-B AD_ADDRESS-I AD_ADDRESS-I AD_ADDRESS-I O O O O
경의로 867 철산아파트 104동 605호 입니다.	AD_ADDRESS-B AD_ADDRESS-I AD_DETAIL-B AD_DETAIL-I AD_DETAIL-I O
네, 상품 받으셨던 주소 확인하겠습니다. 대구 북구 득량동 송림8길 우방1차 아파트 몇 동 몇 호입니까?	O O O O O AD_ADDRESS-B AD_ADDRESS-I AD_ADDRESS-I AD_ADDRESS-I AD_DETAIL-B AD_DETAIL-I O O O O
네 확인해 주셔서 감사합니다. 네 처리 도와드리겠습니다. 회수는 울산 중구 연수동 이하 주소 확인 부탁 드립니다.	O O O O O O O O AD_ADDRESS-B AD_ADDRESS-I AD_ADDRESS-I O O O O O
355호.	AD_DETAIL-B
삼선동1가 래미안에코팰리스 502호요.	AD_ADDRESS-B AD_DETAIL-B AD_DETAIL-I
센트레빌아파트 816동 732호 입니다.	AD_DETAIL-B AD_DETAIL-I AD_DETAIL-I O
회기역 스시가 먹고 싶은데 스시선생도 웨이팅이고 스시칸도 사람많아서 여기들어가봄	AD_DETAIL-B O O O O O O O O
OOO동 벽산블루밍아파트 95동 60호예요	O AD_DETAIL-B AD_DETAIL-I AD_DETAIL-I
처리 도와드리겠습니다. 회수는 배송 받으셨던 서울 강동구 송월동 이하 주소 확인 부탁드립니다.	O O O O O AD_ADDRESS-B AD_ADDRESS-I AD_ADDRESS-I O O O O
용인시 청담동 입니다.	AD_ADDRESS-B AD_ADDRESS-I O
506호요.	AD_DETAIL-B
1679동965호입니다.	AD_DETAIL-B
105동 902호요.	AD_DETAIL-B AD_DETAIL-I
서울특별시 종로구 낙산성곽서1길 18-4	AD_ADDRESS-B AD_ADDRESS-I AD_ADDRESS-I AD_ADDRESS-I
비잔티움 오피스텔요.	AD_DETAIL-B AD_DETAIL-I
지금 바로 반품 접수 도와드리겠습니다. 배송 받으신 주소가 서울시 영등포구 양평동5가 맞습니까?	O O O O O O O O AD_ADDRESS-B AD_ADDRESS-I AD_ADDRESS-I O
광주광역시 서구 무진대로 904 광천터미널	AD_ADDRESS-B AD_ADDRESS-I AD_ADDRESS-I AD_ADDRESS-I AD_DETAIL-B
17동 3504호요.	AD_DETAIL-B AD_DETAIL-I
군포시 남구 대석동 다음주소가 어떻게되십니까?	AD_ADDRESS-B AD_ADDRESS-I AD_ADDRESS-I O O
조흥아파트 237동 2250호요.	AD_DETAIL-B AD_DETAIL-I AD_DETAIL-I
한화2단지아파트 201동 4371호요.	AD_DETAIL-B AD_DETAIL-I AD_DETAIL-I
푸르지오아파트 183동5324호입니다.	AD_DETAIL-B AD_DETAIL-I
네 서울 서대문구 정다이로 월향아랫길 33 방화9단지아파트 이하 주소 확인 부탁 드립니다.	O AD_ADDRESS-B AD_ADDRESS-I AD_ADDRESS-I AD_ADDRESS-I AD_ADDRESS-I AD_DETAIL-B O O O O O
오늘은 금정구 부곡동 부산대역 지하철 역세권 아파트 부곡 대우아파트를 소개합니다.	O AD_ADDRESS-B AD_ADDRESS-I AD_DETAIL-B O O O AD_DETAIL-I AD_DETAIL-I O
서울특별시 동대문구 회기동 346-29 1층	AD_ADDRESS-B AD_ADDRESS-I AD_ADDRESS-I AD_ADDRESS-I AD_DETAIL-B
상품 수거할 주소는 배송받으셨던 경기 구리시 광탄면 신산리 이동삼성아파트 맞습니까?	O O O O AD_ADDRESS-B AD_ADDRESS-I AD_ADDRESS-I AD_ADDRESS-I AD_DETAIL-B O
아이파크아파트 955동0359호입니다.	AD_DETAIL-B AD_DETAIL-I
성주군 수륜면 성리.	AD_ADDRESS-B AD_ADDRESS-I AD_ADDRESS-I
주소: 부산 수영구 민락수변로 29, 3층	O AD_ADDRESS-B AD_ADDRESS-I AD_ADDRESS-I AD_ADDRESS-I AD_DETAIL-B
상품 수거할 주소는 배송 받으셨던 춘천시 봉명로205번길 맞습니까?	O O O O O AD_ADDRESS-B AD_ADDRESS-I O
포항시 서원구 용지동 다음주소가 어떻게되십니까?	AD_ADDRESS-B AD_ADDRESS-I AD_ADDRESS-I O O
울주군 다게리사거리 앞이예요.	AD_ADDRESS-B AD_DETAIL-B O
서울특별시 서대문구 홍제동 330-226	AD_ADDRESS-B AD_ADDRESS-I AD_ADDRESS-I AD_ADDRESS-I
네, 확인해 주셔서 감사합니다. 회수 주소지는 충북 청주시 청원구 에덴동산아파트 맞습니까?	O O O O O O AD_ADDRESS-B AD_ADDRESS-I AD_ADDRESS-I AD_DETAIL-B O
회수할 주소가 서울 중구 풍덕천2동 이하 주소 말씀 부탁드립니다.	O O AD_ADDRESS-B AD_ADDRESS-I AD_ADDRESS-I O O O O
219동 2687호입니다.	AD_DETAIL-B AD_DETAIL-I
599호.	AD_DETAIL-B
전북 부안군 부안읍 매창공원	AD_ADDRESS-B AD_ADDRESS-I AD_ADDRESS-I AD_DETAIL-B
유어면 가항리 방성리대교산과내아파트 90동 2132호 입니다.	AD_ADDRESS-B AD_ADDRESS-I AD_ADDRESS-I AD_DETAIL-B AD_DETAIL-I O
제주도 제주시 애월읍 하가리 1580-1번지	AD_ADDRESS-B AD_ADDRESS-I AD_ADDRESS-I AD_ADDRESS-I AD_ADDRESS-I
루프탑 수영장 있는 대천 2278 리조트	O O O AD_DETAIL-B AD_DETAIL-I AD_DETAIL-I
778호요.	AD_DETAIL-B
부사광역시 남구 동서로 서희스타힐스아파트 1291호 입니다.	AD_ADDRESS-B AD_ADDRESS-I AD_ADDRESS-I AD_DETAIL-B AD_DETAIL-I O
더플래티넘아파트 086동1361호입니다.	AD_DETAIL-B AD_DETAIL-I
경기 의왕시 길안면 대사리요.	AD_ADDRESS-B AD_ADDRESS-I AD_ADDRESS-I AD_ADDRESS-I
동부올림픽타운 790동 4732호요.	AD_ADDRESS-B AD_DETAIL-B AD_DETAIL-I
창원시 중랑구 서2동다음주소가 어떻게되십니까?	AD_ADDRESS-B AD_ADDRESS-I O O
1590동2956호입니다.	AD_DETAIL-B
258 다시 12요.	AD_ADDRESS-B AD_ADDRESS-I AD_ADDRESS-I
바다마을아파트 199동 117호요.	AD_DETAIL-B AD_DETAIL-I AD_DETAIL-I
롯데캐슬아파트 965동0452호입니다.	AD_DETAIL-B AD_DETAIL-I
5004동 184호입니다.	AD_DETAIL-B AD_DETAIL-I
아이파크아파트 851동6012호입니다.	AD_DETAIL-B AD_DETAIL-I
101동408호입니다.	AD_DETAIL-B
(동천동 902-2)	AD_ADDRESS-B AD_ADDRESS-I
연서로18길 선경해누리아파트 1541호 입니다.	AD_ADDRESS-B AD_ADDRESS-I AD_DETAIL-B O
전라남도 여수시 박람회길 99	AD_ADDRESS-B AD_ADDRESS-I AD_ADDRESS-I AD_ADDRESS-I
배송 받으신 주소 확인하겠습니다. 경기도 수원시 영통구 구성1길로 확인됩니다. 이하 주소 말씀 부탁드리겠습니다.	O O O O AD_ADDRESS-B AD_ADDRESS-I AD_ADDRESS-I AD_ADDRESS-I O O O O O
네 확인 감사합니다. 상품 회수하실 주소는 대전 서구 야음동 장안초원 아파트 몇 동 몇 호입니까?	O O O O O O AD_ADDRESS-B AD_ADDRESS-I AD_ADDRESS-I AD_DETAIL-B AD_DETAIL-I O O O O
207동 3545호요.	AD_DETAIL-B AD_DETAIL-I
네 고객님 회수는 배송 받으셨던 경기 용인시 수지구 신봉동 이앤씨벤쳐드림타워3차 몇 동 몇 호신지 확인 부탁 드립니다.	O O O O O AD_ADDRESS-B AD_ADDRESS-I AD_ADDRESS-I AD_ADDRESS-I AD_DETAIL-B O O O O O O O
인제대 사거리식당에서 이른 벚꽃구경하고왔네요	AD_DETAIL-B AD_DETAIL-I O O
광주광역시 동구 천변우로 369	AD_ADDRESS-B AD_ADDRESS-I AD_ADDRESS-I AD_ADDRESS-I
주소 : 서울 강동구 올림픽로72길 13	O O AD_ADDRESS-B AD_ADDRESS-I AD_ADDRESS-I AD_ADDRESS-I
LG오피스텔 108동 2546호요.	AD_DETAIL-B AD_DETAIL-I AD_DETAIL-I
금정구 부곡동 아파트	AD_ADDRESS-B AD_ADDRESS-I AD_DETAIL-B
189동 3846호요.	AD_DETAIL-B AD_DETAIL-I
경상남도 통영시 무전대로 18 아빠곰양식당	AD_ADDRESS-B AD_ADDRESS-I AD_ADDRESS-I AD_ADDRESS-I AD_DETAIL-B
801동 1132호요.	AD_DETAIL-B AD_DETAIL-I
서울특별시 마포구 연남동 241-80	AD_ADDRESS-B AD_ADDRESS-I AD_ADDRESS-I AD_ADDRESS-I
선경아파트 511동 4412호요.	AD_DETAIL-B AD_DETAIL-I AD_DETAIL-I
네, 받으셨던 주소가 전북 전주시 완산구 용산1동 맞습니까?	O O O AD_ADDRESS-B AD_ADDRESS-I AD_ADDRESS-I AD_ADDRESS-I O
확인 감사합니다. 안타깝지만 바로 반품 접수 도와드리겠습니다. 배송받으신 주소가 강원도 횡성군으로 확인됩니다. 이하 주소 말씀해 주십시오.	O O O O O O O O O AD_ADDRESS-B AD_ADDRESS-I O O O O O
나하 공항 +81 98-840-1151	AD_DETAIL-B AD_DETAIL-I O O
연제지점의 전화번호는 283-8064입니다.	AD_DETAIL-B O O
주소 : 서울특별시 강남구 강남대로118길 15 지하1층	O O AD_ADDRESS-B AD_ADDRESS-I AD_ADDRESS-I AD_ADDRESS-I AD_DETAIL-B
네 확인 감사합니다. 저희 제품 회수할 주소지는 제품 수령하셨던 인천 서구 신암1동 589 번지 맞습니까?	O O O O O O O O O AD_ADDRESS-B AD_ADDRESS-I AD_ADDRESS-I AD_ADDRESS-I AD_ADDRESS-I O
월계삼호4차아파트 29동 4859호요.	AD_DETAIL-B AD_DETAIL-I AD_DETAIL-I
남원시 금천구 능동 다음주소가 어떻게되십니까?	AD_ADDRESS-B AD_ADDRESS-I AD_ADDRESS-I O O
서울특별시 강남구 언주로172길 59 B1층	AD_ADDRESS-B AD_ADDRESS-I AD_ADDRESS-I AD_ADDRESS-I AD_DETAIL-B
경기도 시흥시 분지동 서희스타힐스아파트 884동6193호입니다.	AD_ADDRESS-B AD_ADDRESS-I AD_ADDRESS-I AD_DETAIL-B AD_DETAIL-I
서면 우돼끼리에서도 인스타 이벤트중이니 꼭 참여하세용	AD_DETAIL-B AD_DETAIL-I O O O O
사무실은 남구 대연동 1763-13번지 (새주소는 수영로 291) 3층 건물 중 2층 입니다.	O AD_ADDRESS-B AD_ADDRESS-I AD_ADDRESS-I O AD_ADDRESS-B AD_ADDRESS-I AD_DETAIL-B AD_DETAIL-I O AD_DETAIL-I O
서희스타힐스아파트 391동7325호입니다.	AD_DETAIL-B AD_DETAIL-I
전라남도 보성군 보성읍 녹차로 775 한국차소리문화공원	AD_ADDRESS-B AD_ADDRESS-I AD_ADDRESS-I AD_ADDRESS-I AD_ADDRESS-I AD_DETAIL-B
구반포역이요.	AD_DETAIL-B
상품 수거할 주소가 배송 받으셨던 서울 강북구 자양4동 맞습니까?	O O O O O AD_ADDRESS-B AD_ADDRESS-I AD_ADDRESS-I O
그러시군요. 배송 받았던 주소가 경기도 고양시 일산서구 경의로 확인되는데 맞습니까?	O O O O AD_ADDRESS-B AD_ADDRESS-I AD_ADDRESS-I AD_ADDRESS-I O O
229동 2001호요.	AD_DETAIL-B AD_DETAIL-I
신도림 테크노마트 지하1층에 있더라구요~	AD_DETAIL-B AD_DETAIL-I AD_DETAIL-I O
대구신세계 5층 PSR, 062-0627-6466	AD_DETAIL-B AD_DETAIL-I O O
네, 제주특별자치도 서귀포시 색달로189번길 삼성푸른아파트 몇 동 몇 호이십니까?	O AD_ADDRESS-B AD_ADDRESS-I AD_ADDRESS-I AD_DETAIL-B O O O O
●신세계 시코르플래그십강남역점(강남역10번출구 금강제화빌딩)	AD_DETAIL-B AD_DETAIL-I AD_DETAIL-I
덕진구 가재미3길 101호 입니다.	AD_ADDRESS-B AD_ADDRESS-I AD_DETAIL-B O
네 알겠습니다. 고객님 주소 확인하겠습니다. 주소가 서울 동대문구 용산동 2가 이하 주소 말씀 부탁드립니다.	O O O O O O AD_ADDRESS-B AD_ADDRESS-I AD_ADDRESS-I AD_ADDRESS-I O O O O
사시는 곳이 대구광역시 달서구 월성동 이하 주소가 어떻게 되시죠?	O O AD_ADDRESS-B AD_ADDRESS-I AD_ADDRESS-I O O O O
네. 이제 고객님 저희가 수거할 주소지는 배송 받으셨던 대전 유성구 하모니로 우미이노스빌아파트 4단지 이하 주소 말씀 부탁드리겠습니다.	O O O O O O O O AD_ADDRESS-B AD_ADDRESS-I AD_ADDRESS-I AD_DETAIL-B AD_DETAIL-I O O O O
서울특별시 강서구 마곡서로 152 두산더랜드타워b동 103호	AD_ADDRESS-B AD_ADDRESS-I AD_ADDRESS-I AD_ADDRESS-I AD_DETAIL-B AD_DETAIL-I
주소 ; 서울특별시 서대문구 명물길 19 경오빌딩 3층	O O AD_ADDRESS-B AD_ADDRESS-I AD_ADDRESS-I AD_ADDRESS-I AD_DETAIL-B AD_DETAIL-I
나주 혁신도시 빛가람동 맛집 모모소바 메밀우동	AD_DETAIL-B AD_DETAIL-I AD_DETAIL-I O AD_DETAIL-I O
남구 대연1동 879-8번지 은성회초밥집을 소개합니다.	AD_ADDRESS-B AD_ADDRESS-I AD_ADDRESS-I AD_DETAIL-B O
장 소: 강진읍 농협중앙회 행사장(주차장)	O O AD_DETAIL-B AD_DETAIL-I AD_DETAIL-I
265동4699호입니다.	AD_DETAIL-B
코아루아파트입니다	AD_DETAIL-B
송파동입니다.	AD_ADDRESS-B
광주 동명동에 있는 쿤스트라운지랑은	AD_ADDRESS-B AD_ADDRESS-I O AD_DETAIL-B
대구 중구 남성로 58-1 건물 3층입니다!	AD_ADDRESS-B AD_ADDRESS-I AD_ADDRESS-I AD_ADDRESS-I AD_DETAIL-B AD_DETAIL-I
경기도 안양시 동안구 동편로183번길 10 명재빌딩	AD_ADDRESS-B AD_ADDRESS-I AD_ADDRESS-I AD_ADDRESS-I AD_ADDRESS-I AD_DETAIL-B
장전1동 고척LIG리가2단지 106동 4011호요.	AD_ADDRESS-B AD_DETAIL-B AD_DETAIL-I AD_DETAIL-I
116동 3147호요.	AD_DETAIL-B AD_DETAIL-I
경기도 안양시 동안구 평촌대로217번길 25 동화프라자 603호	AD_ADDRESS-B AD_ADDRESS-I AD_ADDRESS-I AD_ADDRESS-I AD_ADDRESS-I AD_DETAIL-B AD_DETAIL-I
인천 차이나타운 주말여행 좋아요!	AD_DETAIL-B AD_DETAIL-I O O
코아루아파트 862동8553호입니다.	AD_DETAIL-B AD_DETAIL-I
더플래티넘아파트 347동6730호입니다.	AD_DETAIL-B AD_DETAIL-I
고객님 확인 감사합니다. 반품 처리 도움 드리겠습니다. 배송받으셨던 경기도 안양시 동안구 합정동 이하 주소 확인해 주시겠습니까?	O O O O O O O O AD_ADDRESS-B AD_ADDRESS-I AD_ADDRESS-I AD_ADDRESS-I O O O O
제주특별자치도 서귀포시 영통구 좌천4동 다음주소가	AD_ADDRESS-B AD_ADDRESS-I AD_ADDRESS-I O O
1400동 1799호요.	AD_DETAIL-B AD_DETAIL-I
문경시 서대문구 조산동 다음주소가 어떻게되십니까?	AD_ADDRESS-B AD_ADDRESS-I AD_ADDRESS-I O O
회수할 주소는 서울 용산구 하오개길121번길 원우엔리치빌아파트 동 호수 한번 말씀 부탁드립니다.	O O AD_ADDRESS-B AD_ADDRESS-I AD_ADDRESS-I AD_DETAIL-B O O O O O
경기도 안산시 단원구 광덕대로 206	AD_ADDRESS-B AD_ADDRESS-I AD_ADDRESS-I AD_ADDRESS-I AD_ADDRESS-I
수거 주소는 인천시 남동구 홍은1동 유진상가 맞습니까?	O O AD_ADDRESS-B AD_ADDRESS-I AD_ADDRESS-I AD_DETAIL-B O
도곡2동 다음주소가 어떻게되시죠?	AD_ADDRESS-B O O
경기도 파주시 광탄면 부흥로 194-42 광탄레저타운 1522-1531	AD_ADDRESS-B AD_ADDRESS-I AD_ADDRESS-I AD_ADDRESS-I AD_ADDRESS-I AD_DETAIL-B O
서울특별시 강남구 영동대로 513 지하 2층	AD_ADDRESS-B AD_ADDRESS-I AD_ADDRESS-I AD_ADDRESS-I AD_DETAIL-B AD_DETAIL-I
309동 2732호요.	AD_DETAIL-B AD_DETAIL-I
비아중앙로 392동 4632호요.	AD_ADDRESS-B AD_DETAIL-B AD_DETAIL-I
ㅇㅇㅇ동 ㅇㅇㅇㅇ호요.	AD_DETAIL-B AD_DETAIL-I
성북구 보문국로 35길 63-5	AD_ADDRESS-B AD_ADDRESS-I AD_ADDRESS-I AD_ADDRESS-I
센트레빌아파트 062동1688호입니다.	AD_DETAIL-B AD_DETAIL-I
기다려주셔서 감사합니다. 회수 주소지는 충북 충주시 문화1동 맞습니까?	O O O O AD_ADDRESS-B AD_ADDRESS-I AD_ADDRESS-I O
확인 감사합니다. 안타깝지만 바로 반품 접수 도와드리겠습니다. 배송 받으신 주소 부산시 남구 북촌로 확인되는데 맞습니까?	O O O O O O O O O O AD_ADDRESS-B AD_ADDRESS-I AD_ADDRESS-I O O
네 확인해주셔서 감사합니다. 배송받으셨던 주소 강원도 교원동 무학자이아파트 이하 주소 확인 부탁드립니다.	O O O O O AD_ADDRESS-B AD_ADDRESS-I AD_DETAIL-B O O O O
네, 확인 감사합니다. 처리 도와드리겠습니다. 회수는 경기도 하남시 지행동 맞습니까?	O O O O O O AD_ADDRESS-B AD_ADDRESS-I AD_ADDRESS-I O
고객님, 주소지가 대전광여시 남구 구암두문로 그다음 어떻게 되시나요?	O O AD_ADDRESS-B AD_ADDRESS-I AD_ADDRESS-I O O O
회수할 주소지는 배송 받으셨던 경기도 천안시 동남구 쌍용빌라 몇 동 몇 호입니까?	O O O O AD_ADDRESS-B AD_ADDRESS-I AD_ADDRESS-I AD_DETAIL-B O O O O
신암4동 CD기기에서 이체하신건입니까?	AD_ADDRESS-B O O
경기도 수원시 권선구 서둔로212번길 10	AD_ADDRESS-B AD_ADDRESS-I AD_ADDRESS-I AD_ADDRESS-I AD_ADDRESS-I
상도1동 752 274동 137호요.	AD_ADDRESS-B AD_ADDRESS-I AD_DETAIL-B AD_DETAIL-I
1110동2608호 입니다.	AD_DETAIL-B O
동문굿모닝힐아파트 705동0562호입니다.	AD_DETAIL-B AD_DETAIL-I
전라남도 여수시 진남상가길 3	AD_ADDRESS-B AD_ADDRESS-I AD_ADDRESS-I AD_ADDRESS-I
1차 문안 :용호동 유시회 오찬 27일(수) 13시 용호동 통뼈감자탕 (전화 051-612-3392), 김영길회원	O O AD_ADDRESS-B O O O O AD_ADDRESS-B AD_DETAIL-B O O O
수거할 주소지는 배송 받으셨던 경기도 남양주시 우강면 원동길이하 주소 말씀해 주시겠습니까?	O O O O AD_ADDRESS-B AD_ADDRESS-I AD_ADDRESS-I AD_ADDRESS-I O O O
인천 연수구 송도1동 만선1로 송도웰카운티 1단지아파트 125동 508호요.	AD_ADDRESS-B AD_ADDRESS-I AD_ADDRESS-I AD_ADDRESS-I AD_DETAIL-B AD_DETAIL-I AD_DETAIL-I AD_DETAIL-I
우미린아파트 092동7586호입니다.	AD_DETAIL-B AD_DETAIL-I
경기도 가평군 상면 수목원로 432 아침고요수목원 1544-6703	AD_ADDRESS-B AD_ADDRESS-I AD_ADDRESS-I AD_ADDRESS-I AD_ADDRESS-I AD_DETAIL-B O
주소 : 서울 성북구 보문로 182 금풍빌딩	O O AD_ADDRESS-B AD_ADDRESS-I AD_ADDRESS-I AD_ADDRESS-I AD_DETAIL-B
울산광역시 북구 호계매곡1로 31 상가B20	AD_ADDRESS-B AD_ADDRESS-I AD_ADDRESS-I AD_ADDRESS-I AD_DETAIL-B
서울특별시 마포구 홍익로 10 101동 114~115호	AD_ADDRESS-B AD_ADDRESS-I AD_ADDRESS-I AD_ADDRESS-I AD_DETAIL-B AD_DETAIL-I
1100호 입니다.	AD_DETAIL-B O
284동 3493호요.	AD_DETAIL-B AD_DETAIL-I
강변유원 아파트 OO동OO입니다.	AD_DETAIL-B AD_DETAIL-I AD_DETAIL-I
기다려 주셔서 감사합니다. 회수는 강원 속초시 용산구 석촌동 망양로 329번길 중산마을12단지아파트 이하 주소 말씀 부탁드립니다.	O O O O AD_ADDRESS-B AD_ADDRESS-I AD_ADDRESS-I AD_ADDRESS-I AD_ADDRESS-I AD_ADDRESS-I AD_DETAIL-B O O O O
제주특별자치도 서귀포시 부림읍 신성미소지움아파트 112동 1912호 입니다.	AD_ADDRESS-B AD_ADDRESS-I AD_ADDRESS-I AD_DETAIL-B AD_DETAIL-I AD_DETAIL-I O
125동4367호 입니다.	AD_DETAIL-B O
고객님 주소가의왕시 분당구 은기동 다음 무엇인가요?	O O AD_ADDRESS-B AD_ADDRESS-I O O
경기도 파주시 문산읍 통일로2010번길 36	AD_ADDRESS-B AD_ADDRESS-I AD_ADDRESS-I AD_ADDRESS-I AD_ADDRESS-I
남천동(이라 쓰고 “빵천동”이라고 읽는다.)에 있는	AD_ADDRESS-B O O O O
e편한세상아파트 721동1489호입니다.	AD_DETAIL-B AD_DETAIL-I
고객님 주소지가 대전광역시 남구 한산일주로 그 뒤로 어떻게 되십니까?	O O AD_ADDRESS-B AD_ADDRESS-I AD_ADDRESS-I O O O O
확인해 주셔서 감사합니다. 수거할 주소는 배송받으셨던 경기 하남시 달서구 외릉로 5번길 74입니까?	O O O O O O AD_ADDRESS-B AD_ADDRESS-I AD_ADDRESS-I AD_ADDRESS-I AD_ADDRESS-I AD_ADDRESS-I
네, 확인 감사합니다. 회수할 주소는 강원 속초시 완산구 백제대로 맞습니까?	O O O O O AD_ADDRESS-B AD_ADDRESS-I AD_ADDRESS-I AD_ADDRESS-I O
인천 미추홀구 해든마을맨션 몇 호십니까?	AD_ADDRESS-B AD_ADDRESS-I AD_DETAIL-B O O
상품 회수할 주소지 경기 수원시 장안구 장위3동 맞습니까?	O O O AD_ADDRESS-B AD_ADDRESS-I AD_ADDRESS-I AD_ADDRESS-I O
네, 확인 감사 드립니다. 회수할 주소는 대구 광역시 달서구 위례광장로 맞습니까?	O O O O O O AD_ADDRESS-B AD_ADDRESS-I AD_ADDRESS-I AD_ADDRESS-I O
서울특별시 서초구 서초대로75길 37	AD_ADDRESS-B AD_ADDRESS-I AD_ADDRESS-I AD_DETAIL-B
채루비가 준비한 건 여기까지 제가 갔던 믹시마이 주소 남기며 물러날게요 서울특별시 강남구 압구정로 12길 22	O O O O O O O O O O AD_ADDRESS-B AD_ADDRESS-I AD_ADDRESS-I AD_ADDRESS-I AD_ADDRESS-I
제주 제주시 애월읍 봉성리 3608번지	AD_ADDRESS-B AD_ADDRESS-I AD_ADDRESS-I AD_ADDRESS-I AD_ADDRESS-I
기다려주셔서 감사합니다. 회수는 서울시 중량구 삼양로 59길 이하 주소 확인 부탁드립니다.	O O O AD_ADDRESS-B AD_ADDRESS-I AD_ADDRESS-I AD_ADDRESS-I O O O O
경기도 파주시 문경면위브아파트 396동4795호입니다.	AD_ADDRESS-B AD_ADDRESS-I AD_DETAIL-B AD_DETAIL-I
그래서 파주 운정신도시 가람마을에 위치하고	O AD_ADDRESS-B AD_ADDRESS-I AD_DETAIL-B O
(강남구 역삼동 616-12)	AD_ADDRESS-B AD_ADDRESS-I AD_ADDRESS-I
상품 회수는 전남 순천시 천현동 이하 주소 확인 부탁드립니다.	O O AD_ADDRESS-B AD_ADDRESS-I AD_ADDRESS-I O O O O
네, 회수할 주소가 경기도 시흥시 다대롯데캐슬몰운대아파트 맞습니까?	O O O O O AD_DETAIL-B O
5226동 185호입니다.	AD_DETAIL-B AD_DETAIL-I
주소가 아산시 야탑동 다음주소가요?	O AD_ADDRESS-B AD_ADDRESS-I O
- 주소: 서울 중구 서소문로 8	O O AD_ADDRESS-B AD_ADDRESS-I AD_ADDRESS-I AD_ADDRESS-I
네, 경기도 정읍시 옹동면 이하 주소 확인 부탁드립니다.	O AD_ADDRESS-B AD_ADDRESS-I AD_ADDRESS-I O O O O
제주특별자치도 제주시 구좌읍 행원로1길 26	AD_ADDRESS-B AD_ADDRESS-I AD_ADDRESS-I AD_ADDRESS-I AD_ADDRESS-I
센트레빌아파트 433동1297호입니다.	AD_DETAIL-B AD_DETAIL-I
제주특별자치도 제주시 구좌읍 해맞이해안로 1112	AD_ADDRESS-B AD_ADDRESS-I AD_ADDRESS-I AD_ADDRESS-I AD_ADDRESS-I
장소 : 안산문화광장	O O AD_DETAIL-B
경기도 파주시 동패로63번길 28	AD_ADDRESS-B AD_ADDRESS-I AD_ADDRESS-I AD_ADDRESS-I
영광빌라 1층 입니다.	AD_DETAIL-B AD_DETAIL-I O
서울특별시 노원구 상계동 720-7 , 상계주공아파트6단지 제마상가동 110, 111,112호	AD_ADDRESS-B AD_ADDRESS-I AD_ADDRESS-I AD_ADDRESS-I O AD_DETAIL-B AD_DETAIL-I AD_DETAIL-I AD_DETAIL-I
인천 중구 차이나타운로 43	AD_ADDRESS-B AD_ADDRESS-I AD_ADDRESS-I AD_ADDRESS-I
장소 : 용호1동 해월정삼계탕-이전 새집 (611-1911)	O O AD_ADDRESS-B AD_DETAIL-B O O
부산광역시 해운대구 마린시티1로 167 현대카멜리아오뜨	AD_ADDRESS-B AD_ADDRESS-I AD_ADDRESS-I AD_ADDRESS-I AD_DETAIL-B
기다려 주셔서 감사합니다. 상품 배송 받으셨던 주소지 대구 달서구 한실로 6길 이하 주소 확인 부탁 드립니다.	O O O O O O AD_ADDRESS-B AD_ADDRESS-I AD_ADDRESS-I AD_ADDRESS-I AD_ADDRESS-I O O O O O
광주광역시 서구 금화로 54 7층	AD_ADDRESS-B AD_ADDRESS-I AD_ADDRESS-I AD_ADDRESS-I AD_DETAIL-B
우성아파트 108동 764호요.	AD_DETAIL-B AD_DETAIL-I AD_DETAIL-I
상품 배송 받으실 주소지는 서울시 광진구 가락본동 용대로맞습니까?	O O O O AD_ADDRESS-B AD_ADDRESS-I AD_ADDRESS-I AD_ADDRESS-I
주소 확인하겠습니다. 인천 남동구 고소동 동서대로 1327번길 24 부영아파트 이하 주소 확인 부탁 드립니다.	O O AD_ADDRESS-B AD_ADDRESS-I AD_ADDRESS-I AD_ADDRESS-I AD_ADDRESS-I AD_ADDRESS-I AD_DETAIL-B O O O O O
광주시 사하구 구성동 다음주소가 어떻게되시죠?	AD_ADDRESS-B AD_ADDRESS-I AD_ADDRESS-I O O
(종로구 삼청동 71)	AD_ADDRESS-B AD_ADDRESS-I AD_ADDRESS-I
제주특별자치도 제주시 애월읍 하가로 195	AD_ADDRESS-B AD_ADDRESS-I AD_ADDRESS-I AD_ADDRESS-I AD_ADDRESS-I
네 상품 회수지 경남 창원시 팽성읍 송화리 이하 주소 말씀해주시겠습니까?	O O O AD_ADDRESS-B AD_ADDRESS-I AD_ADDRESS-I AD_ADDRESS-I O O O
202동 467호요.	AD_DETAIL-B AD_DETAIL-I
서울특별시 서초구 남부순환로 2219 1층.2층	AD_ADDRESS-B AD_ADDRESS-I AD_ADDRESS-I AD_ADDRESS-I AD_DETAIL-B
130동 1701호입니다.	AD_DETAIL-B AD_DETAIL-I
고객님 주소가 춘천시 성산구 중2동 다음 주소는 무엇인가요?	O O AD_ADDRESS-B AD_ADDRESS-I AD_ADDRESS-I O O O
111동 4329호요.	AD_DETAIL-B AD_DETAIL-I
병산동 다음주소가 어떻게되시죠?	AD_ADDRESS-B O O
1840동 571호 입니다.	AD_DETAIL-B AD_DETAIL-I O
배송 받으셨던 주소 대구 수성구 율하동 율하휴먼시아 6단지 이하 주소 말씀해주시겠습니까?	O O O AD_ADDRESS-B AD_ADDRESS-I AD_ADDRESS-I AD_DETAIL-B AD_DETAIL-I O O O
210동 188호 입니다.	AD_DETAIL-B AD_DETAIL-I O
21 3 5층이요.	AD_ADDRESS-B AD_ADDRESS-I AD_DETAIL-B
네, 확인 감사합니다. 받으셨던 주소가 인천 남동구 십정1동 394 맞습니까?	O O O O O AD_ADDRESS-B AD_ADDRESS-I AD_ADDRESS-I AD_ADDRESS-I O
확인 감사합니다. 고객님 상품 회수할 주소가 서울 송파구 은천동 롯데캐슬피렌체아파트 맞습니까?	O O O O O O AD_ADDRESS-B AD_ADDRESS-I AD_ADDRESS-I AD_DETAIL-B O
경기도 파주시 성재안길 40-15 주택카페	AD_ADDRESS-B AD_ADDRESS-I AD_ADDRESS-I AD_ADDRESS-I AD_DETAIL-B
전라남도 순천시 원용당길 98 별천지	AD_ADDRESS-B AD_ADDRESS-I AD_ADDRESS-I AD_ADDRESS-I AD_DETAIL-B
회수지가 서울 양천구 정왕2동 옥동길 84맞습니까?	O AD_ADDRESS-B AD_ADDRESS-I AD_ADDRESS-I AD_ADDRESS-I AD_ADDRESS-I
하늘채아파트 178동9291호입니다.	AD_DETAIL-B AD_DETAIL-I
주소: 서울 송파구 잠실동 40 갤러리아팰리스 지하104호 전화번호: 010-7622-2843, 2144-6332	O AD_ADDRESS-B AD_ADDRESS-I AD_ADDRESS-I AD_ADDRESS-I AD_DETAIL-B AD_DETAIL-I O O O
용호동유사회 오찬 오늘13시 용호3동 토기장이추어탕 (612-1173) 김홍업님유사 참석요망	AD_ADDRESS-B O O AD_ADDRESS-B AD_DETAIL-B O O O
대구광역시 마산합포구 부평1동 스위첸아파트 101동3,4라인 앞이에요	AD_ADDRESS-B AD_ADDRESS-I AD_ADDRESS-I AD_DETAIL-B AD_DETAIL-I O
네, 확인 감사합니다. 상품 수거할 주소 경기도 화성시 만안구 태평로 이하 주소 확인 부탁드립니다.	O O O O O O AD_ADDRESS-B AD_ADDRESS-I AD_ADDRESS-I AD_ADDRESS-I O O O O
경상북도 포항시 북구 죽도시장11길 3	AD_ADDRESS-B AD_ADDRESS-I AD_ADDRESS-I AD_ADDRESS-I AD_ADDRESS-I
기다려 주셔서 감사합니다. 제품 회수는 배송 받으셨던 경기도 부천시 안양7동 맞습니까?	O O O O O O O AD_ADDRESS-B AD_ADDRESS-I AD_ADDRESS-I O
배송 받으셨던 주소가 울산 서구 풍암동이하 주소 말씀 부탁드립니다.	O O O AD_ADDRESS-B AD_ADDRESS-I AD_ADDRESS-I O O O
2차 죽림아파트 102호요.	AD_DETAIL-B AD_DETAIL-I AD_DETAIL-I
김천시 중구 분당동 다음주소가 어떻게되십니까?	AD_ADDRESS-B AD_ADDRESS-I AD_ADDRESS-I O O
서울특별시 종로구 종로 266 동대문종합시장	AD_ADDRESS-B AD_ADDRESS-I AD_ADDRESS-I AD_ADDRESS-I AD_DETAIL-B
466동 2567호.	AD_DETAIL-B AD_DETAIL-I
네 아세아타워빌딩 196동 4411호요.	O AD_DETAIL-B AD_DETAIL-I AD_DETAIL-I
너무 죄송합니다. 반품 접수하겠습니다. 회수하는 주소가 전남 장흥군 춘양면 확인됩니다	O O O O O O AD_ADDRESS-B AD_ADDRESS-I AD_ADDRESS-I O
하늘채아파트 213동1205호입니다.	AD_DETAIL-B AD_DETAIL-I
당산동3가 382	AD_ADDRESS-B AD_ADDRESS-I
우미린아파트 081동1314호입니다.	AD_DETAIL-B AD_DETAIL-I
네, 삼천세경아파트 601동 313호요.	O AD_DETAIL-B AD_DETAIL-I AD_DETAIL-I
214호요.	AD_DETAIL-B
고객님 배송받으셨던 주소는 충남 아산시 진해구 경화동 금산리금산휴먼시아아파트 몇 동 몇 호입니까?	O O O AD_ADDRESS-B AD_ADDRESS-I AD_ADDRESS-I AD_ADDRESS-I AD_DETAIL-B O O O O
울산광역시 울주군 온산읍 산암리	AD_ADDRESS-B AD_ADDRESS-I AD_ADDRESS-I AD_ADDRESS-I
네, 확인해 주셔서 감사합니다. 배송받았던 주소지 경기 평택시 압량면 맞습니까?	O O O O O O AD_ADDRESS-B AD_ADDRESS-I AD_ADDRESS-I O
네 650 다시 17 동성 아파트 4093호요.	O AD_ADDRESS-B AD_ADDRESS-I AD_ADDRESS-I AD_DETAIL-B AD_DETAIL-I AD_DETAIL-I
용인시 만안구 회원동 다음주소가 어떻게되십니까?	AD_ADDRESS-B AD_ADDRESS-I AD_ADDRESS-I O O
968동3998호입니다.	AD_DETAIL-B
대연5동 산남푸르지오아파트 502호요.	AD_ADDRESS-B AD_DETAIL-B AD_DETAIL-I
네 산23동 4024호요.	O AD_DETAIL-B AD_DETAIL-I
부산시 부산진구 전포동 687-6번지 1층	AD_ADDRESS-B AD_ADDRESS-I AD_ADDRESS-I AD_ADDRESS-I AD_DETAIL-I
바로바로 무한도전 정준하가 정총무로 나온 그곳! 서울특별시 마포구 만리재로 23 공덕시장 1층	O O O O O O AD_ADDRESS-B AD_ADDRESS-I AD_ADDRESS-I AD_ADDRESS-I AD_DETAIL-B AD_DETAIL-I
위치는 산내마을3단지 근처에 있어여~~	O AD_DETAIL-B O O
스위첸아파트 451동4958호입니다.	AD_DETAIL-B AD_DETAIL-I
예 알겠습니다. 네 고객님 받으셨던 주소 좀 확인하겠습니다 부평구 번2동 이하 주소 말씀하시겠습니까?	O O O O O O O O AD_ADDRESS-B AD_ADDRESS-I O O O
1층 101호 입니다.	AD_DETAIL-B AD_DETAIL-I O
센트럴시티 2층에 위치하고 있다.	AD_DETAIL-B AD_DETAIL-I O O
대구 북구 동천로 127 호수빌딩 2층	AD_ADDRESS-B AD_ADDRESS-I AD_ADDRESS-I AD_ADDRESS-I AD_DETAIL-B AD_DETAIL-I
목포시 상록구 고덕동 다음주소가 어떻게되시죠?	AD_ADDRESS-B AD_ADDRESS-I AD_ADDRESS-I O O
고객님 주소가 진주시 덕진구 내당동 다음 주소는 무엇인가요?	O O AD_ADDRESS-B AD_ADDRESS-I AD_ADDRESS-I O O O
GS자이5단지아파트 66동 1120호.	AD_DETAIL-B AD_DETAIL-I AD_DETAIL-I
네, 확인 감사합니다. 배송 받으셨던 주소가 서울 관악구 근화동 천혜로5길 맞습니까?	O O O O O O AD_ADDRESS-B AD_ADDRESS-I AD_ADDRESS-I AD_ADDRESS-I O
상품 금액 육만 구천원이구요. 배송 받을 주소지는 서울 은평구 팔야산단로 맞습니까?	O O O O O O O AD_ADDRESS-B AD_ADDRESS-I AD_ADDRESS-I O
서원면 경강로요.	AD_ADDRESS-B AD_ADDRESS-I
그러셨군요. 확인해 주셔서 감사합니다. 배송 받으셨던 주소는 서울시 마포구 남부순환로267나길 84 동일하이빌 맞습니까?	O O O O O O O AD_ADDRESS-B AD_ADDRESS-I AD_ADDRESS-I AD_ADDRESS-I AD_DETAIL-B O
장소는 충남 금산군 금산읍 인삼엑스포 광장!	O AD_ADDRESS-B AD_ADDRESS-I AD_ADDRESS-I AD_DETAIL-B AD_DETAIL-I
수거할 주소는 배송 받으셨던 경북 울진군 청성면 구음길 이하 주소 확인 부탁드립니다.	O O O O AD_ADDRESS-B AD_ADDRESS-I AD_ADDRESS-I AD_ADDRESS-I O O O O
도남동 다음주소가 어떻게되시죠?	AD_ADDRESS-B O O
한라비발디아파트 814동1187호입니다.	AD_DETAIL-B AD_DETAIL-I
네, 고객님 기다려 주셔서 감사합니다. 회수는 배송 받으셨던 제주시 한경면 신정로 동양아파트 몇 동 몇 호십니까	O O O O O O O O AD_ADDRESS-B AD_ADDRESS-I AD_ADDRESS-I AD_DETAIL-B O O O O
854동 1223호요.	AD_DETAIL-B AD_DETAIL-I
KBS 에서 이승기가 찾았던 종로구 혜화동, 이화벽화마을 :-) *	O O O O AD_ADDRESS-B AD_ADDRESS-I AD_DETAIL-B O O
서울특별시 성동구 아차산로 7 케이티링커스	AD_ADDRESS-B AD_ADDRESS-I AD_ADDRESS-I AD_ADDRESS-I AD_DETAIL-B
경기도 고양시 일산동구 중앙로1261번길 57 2층 204호, 205호	AD_ADDRESS-B AD_ADDRESS-I AD_ADDRESS-I AD_ADDRESS-I AD_ADDRESS-I AD_DETAIL-B AD_DETAIL-I AD_DETAIL-I
전라남도 여수시 거북선공원3길 12	AD_ADDRESS-B AD_ADDRESS-I AD_ADDRESS-I AD_ADDRESS-I
심곡본동 이하 주소 확인 부탁드립니다.	AD_ADDRESS-B O O O O
대상빌딩 1307호요.	AD_DETAIL-B AD_DETAIL-I
푸른들판로567번길 현대아파트 1129동 2211호 입니다.	AD_ADDRESS-B AD_ADDRESS-B AD_DETAIL-I AD_DETAIL-I O
태백시 관악구 죽율동 다음주소가 어떻게되십니까?	AD_ADDRESS-B AD_ADDRESS-I AD_ADDRESS-I O O
경기도 포천시 호국로1354번길 산호그린4차아파트 105동 143호 입니다.	AD_ADDRESS-B AD_ADDRESS-I AD_ADDRESS-I AD_DETAIL-B AD_DETAIL-I AD_DETAIL-I O
주소: 서울 관악구 신림동 86-10 1층 뱀스네일	O AD_ADDRESS-B AD_ADDRESS-I AD_ADDRESS-I AD_ADDRESS-I AD_DETAIL-B AD_DETAIL-I
주소: 부산 금정구 부산대학로63번길 29	O AD_ADDRESS-B AD_ADDRESS-I AD_ADDRESS-I AD_ADDRESS-I
태백시 중구 주월동 다음주소가 어떻게되십니까?	AD_ADDRESS-B AD_ADDRESS-I AD_ADDRESS-I O O
배송 받으셨던 서울 중랑구 자산동18길 84 이하 주소 확인 부탁 드리겠습니다.	O O AD_ADDRESS-B AD_ADDRESS-I AD_ADDRESS-I AD_ADDRESS-I O O O O O
주소 서울특별시 성북구 동소문로20나길 16 1층 반지하	O AD_ADDRESS-B AD_ADDRESS-I AD_ADDRESS-I AD_ADDRESS-I AD_DETAIL-B AD_DETAIL-I
고객님 거주지가 광주광역시 삼양1동 다음 어떻게되시죠?	O O AD_ADDRESS-B AD_ADDRESS-I O O
112동 217호요.	AD_DETAIL-B AD_DETAIL-I
서울 용산구 한남동 31-3 지하 1층	AD_ADDRESS-B AD_ADDRESS-I AD_ADDRESS-I AD_ADDRESS-I AD_DETAIL-B AD_DETAIL-I
성지빌딩 108동 1159호요.	AD_DETAIL-B AD_DETAIL-I AD_DETAIL-I
서울특별시 강남구 강남대로102길 11 2층	AD_ADDRESS-B AD_ADDRESS-I AD_ADDRESS-I AD_ADDRESS-I AD_DETAIL-B
현재 주소지가 대구광역시 남구 현곡산단로 그뒤 나머지주소가 어떻게 되시요	O O AD_ADDRESS-B AD_ADDRESS-I AD_ADDRESS-I O O O O
SK뷰아파트 562동 316호요.	AD_DETAIL-B AD_DETAIL-I AD_DETAIL-I
배송 받으셨던 주소가 경기 고양시 덕양구 진월면 신구리 맞습니까?	O O O AD_ADDRESS-B AD_ADDRESS-I AD_ADDRESS-I AD_ADDRESS-I AD_ADDRESS-I O
살고계신 주소가 마곡동 리슈빌아파트 몇동 몇호이신가요?	O O O AD_DETAIL-B O O
롯데인벤스1차아파트지점 연락처는 02-6579-0070입니다.	AD_DETAIL-B O O
위브아파트 87동 03호	AD_DETAIL-B AD_DETAIL-I AD_DETAIL-I
상품 회수는 서울 강남구 아중로 정릉2차e-편한세상아파트 나머지 이하 주소 확인 부탁드리겠습니다.	O O AD_ADDRESS-B AD_ADDRESS-I AD_ADDRESS-I AD_DETAIL-B O O O O O
108-3동 3186호 입니다.	AD_DETAIL-B AD_DETAIL-I O
회수지 주소 확인하겠습니다. 대구 중구 계백로 1630번길로 해드리면 되겠습니까?	O O O AD_ADDRESS-B AD_ADDRESS-I AD_ADDRESS-I AD_ADDRESS-I O O
제주 제주시 일도1동 1148-2	AD_ADDRESS-B AD_ADDRESS-I AD_ADDRESS-I AD_ADDRESS-I
회수는 경남 진주시 달구벌대로 나머지 이하 주소 확인 부탁 드리겠습니다.	O AD_ADDRESS-B AD_ADDRESS-I AD_ADDRESS-I O O O O O O
329 다시 341요.	AD_ADDRESS-B AD_ADDRESS-I AD_ADDRESS-I
경기 안양시 동안구 호계동 1048-3 한솔센트럴파크1차 310호	AD_ADDRESS-B AD_ADDRESS-I AD_ADDRESS-I AD_ADDRESS-I AD_ADDRESS-I AD_DETAIL-B AD_DETAIL-I
서울 마포구 서교동 338-54번지	AD_ADDRESS-B AD_ADDRESS-I AD_ADDRESS-I AD_ADDRESS-I
경기도 안산시 단원구 화랑로 260 안산 와~ 스타디움	AD_ADDRESS-B AD_ADDRESS-I AD_ADDRESS-I AD_ADDRESS-I AD_ADDRESS-I AD_DETAIL-B AD_DETAIL-I AD_DETAIL-I
고객님 주소가삼척시 초당동 다음 주소는 무엇인가요?	O O AD_ADDRESS-B AD_ADDRESS-I O O
삼이랑 망원동 나들이를 했다.	O AD_ADDRESS-B O O
네, 확인 감사합니다. 배송 받으셨던 주소가 경기 용인시 처인구 한터로 이하 주소 말씀 부탁드립니다.	O O O O O O AD_ADDRESS-B AD_ADDRESS-I AD_ADDRESS-I AD_ADDRESS-I O O O O
네 확인 감사합니다. 수거는 고객님께서 배송 받으셨던 화성시 효자3동 760 으로 진행을 해드릴까요?	O O O O O O O AD_ADDRESS-B AD_ADDRESS-I AD_ADDRESS-I O O O
회수할 주소지는 배송 받으신 인천 남동구 산천동 보라매삼성쉐르빌 이하 주소 확인 부탁드립니다.	O O O O AD_ADDRESS-B AD_ADDRESS-I AD_ADDRESS-I AD_DETAIL-B O O O O
경상북도 포항시 북구 두호동 685-1 포항의 아침	AD_ADDRESS-B AD_ADDRESS-I AD_ADDRESS-I AD_ADDRESS-I AD_ADDRESS-I AD_DETAIL-B AD_DETAIL-I
네 106동 2217호	O AD_DETAIL-B AD_DETAIL-I
기다려 주셔서 감사합니다. 수거할 주소는 배송받으셨던 대구 달서구 상도1동 이하 주소 말씀 부탁드립니다.	O O O O O O AD_ADDRESS-B AD_ADDRESS-I AD_ADDRESS-I O O O O
광주광역시 서구 운천로17번길 9	AD_ADDRESS-B AD_ADDRESS-I AD_ADDRESS-I AD_ADDRESS-I
센트레빌아파트 422동2618호입니다.	AD_DETAIL-B AD_DETAIL-I
서울특별시 마포구 양화로8길 16-22 2층	AD_ADDRESS-B AD_ADDRESS-I AD_ADDRESS-I AD_ADDRESS-I AD_DETAIL-B
경상남도 양산시 상북면 반회서3길 1944호 입니다.	AD_ADDRESS-B AD_ADDRESS-I AD_ADDRESS-I AD_DETAIL-B AD_DETAIL-I O
예 감사합니다 회수할 주소지가 광주 광산구 항호2길 36 맞습니까?	O O O O AD_ADDRESS-B AD_ADDRESS-I AD_ADDRESS-I AD_ADDRESS-I O
수거할 주소가 배송 받으셨던 충북 청주시 청원구 율천남로 맞습니까?	O O O O AD_ADDRESS-B AD_ADDRESS-I AD_ADDRESS-I AD_ADDRESS-I O
인천광역시 부평구 십정로 호반베르디움아파트 313동 3012호 입니다.	AD_ADDRESS-B AD_ADDRESS-I AD_ADDRESS-I AD_DETAIL-B AD_DETAIL-I AD_DETAIL-I O
네 부산시 사상구 솔밭로 123번길 미륭아파트 407호요.	O AD_ADDRESS-B AD_ADDRESS-I AD_ADDRESS-I AD_ADDRESS-I AD_DETAIL-B AD_DETAIL-I
강원도 동해시 천곡동 1003번지	AD_ADDRESS-B AD_ADDRESS-I AD_ADDRESS-I AD_ADDRESS-I
김포시 통진읍 서암리 입니다.	AD_ADDRESS-B AD_ADDRESS-I AD_ADDRESS-I O
대연동 문화회관과 UN기념공원 근처에 위치한 지아스킨앤왁싱	AD_DETAIL-B AD_DETAIL-I AD_DETAIL-I O O AD_DETAIL-I
제주도 제주시 애월읍 상귀리 1012번지	AD_ADDRESS-B AD_ADDRESS-I AD_ADDRESS-I AD_ADDRESS-I AD_ADDRESS-I
상품 수거지 확인하겠습니다. 경북 의성군 생초면 월곡리 발산로 678번길 54 몇 번지세요?	O O O AD_ADDRESS-B AD_ADDRESS-I AD_ADDRESS-I AD_ADDRESS-I AD_ADDRESS-I AD_ADDRESS-I AD_ADDRESS-I O O
경기도 안양시 동안구 동편로27번길 6-51	AD_ADDRESS-B AD_ADDRESS-I AD_ADDRESS-I AD_ADDRESS-I AD_ADDRESS-I
하늘채아파트 16동 16호 입니다.	AD_DETAIL-B AD_DETAIL-I AD_DETAIL-I O
장소 : 전남 순천시 순천만길 513-25 순천만국가정원	O O AD_ADDRESS-B AD_ADDRESS-I AD_ADDRESS-I AD_ADDRESS-I AD_DETAIL-B
717동 2796호.	AD_DETAIL-B AD_DETAIL-I
창원시 성북구 용담1동 다음주소가 어떻게되시죠?	AD_ADDRESS-B AD_ADDRESS-I AD_ADDRESS-I O O
대원칸타빌아파트 690동 1605호요.	AD_DETAIL-B AD_DETAIL-I AD_DETAIL-I
네, 확인 감사합니다. 회수할 주소가 경기 수원시 권선구 흥선로 168번길 맞습니까?	O O O O O O AD_ADDRESS-B AD_ADDRESS-I AD_ADDRESS-I AD_ADDRESS-I O
경기도 파주시 가람로51번길 16-16	AD_ADDRESS-B AD_ADDRESS-I AD_ADDRESS-I AD_ADDRESS-I
강남역 에스프레소퍼블릭 카페에서	AD_DETAIL-B AD_DETAIL-I O
수유3동 17번지 201호요.	AD_ADDRESS-B AD_ADDRESS-I AD_ADDRESS-I
동탄 북광장 지하공영주차장옆에 있으며, 번호는 1577-1000이다.	AD_ADDRESS-B AD_ADDRESS-I AD_DETAIL-B O O O
88동774호 입니다.	AD_DETAIL-B O
장소 : 해월정 (용호1동, 전화 010-7830-7610)	O O AD_DETAIL-B AD_ADDRESS-B O O
네 상품 회수지 경기 화성시 산동면 동곡리 이하 주소 말씀해주시겠습니까?	O O O AD_ADDRESS-B AD_ADDRESS-I AD_ADDRESS-I AD_ADDRESS-I O O O
먼저 신림 다니엘옴므 매장 내부 모습입니다!	O AD_ADDRESS-B AD_ADDRESS-I O O O
아 사이즈가 안 맞으셨어요? 알겠습니다. 고객님 상품 저희가 회수할 주소는 고객님께서 배송 받으셨던 대구 동구 당감3동 산50 맞으십니까?	O O O O O O O O O O O O O AD_ADDRESS-B AD_ADDRESS-I AD_ADDRESS-I AD_ADDRESS-I O
서울특별시 구로구 새말로 62 1층	AD_ADDRESS-B AD_ADDRESS-I AD_ADDRESS-I AD_ADDRESS-I AD_DETAIL-B
고객님 주소가 진주시 광진구 고강1동 다음 무엇인가요?	O O AD_ADDRESS-B AD_ADDRESS-I AD_ADDRESS-I O O
189번지 산호아파트 6층 602호입니다.	AD_ADDRESS-B AD_DETAIL-B AD_DETAIL-I AD_DETAIL-I
서울특별시 중구 명동길 43 신한금융센터 1~4층	AD_ADDRESS-B AD_ADDRESS-I AD_ADDRESS-I AD_ADDRESS-I AD_DETAIL-B AD_DETAIL-I
서울특별시 종로구 창경궁로 22길 입니다.	AD_ADDRESS-B AD_ADDRESS-I AD_ADDRESS-I AD_ADDRESS-I O
확인 감사합니다. 회수는 경북 문경시 세교동 436 이하 나머지 주소 확인 부탁드립니다.	O O O AD_ADDRESS-B AD_ADDRESS-I AD_ADDRESS-I AD_ADDRESS-I O O O O O
충북 보은군 보은읍 이평리 175-1	AD_ADDRESS-B AD_ADDRESS-I AD_ADDRESS-I AD_ADDRESS-I AD_ADDRESS-I
주소지 확인해 보겠습니다. 택배 받으신 서울 광진구 우1동 1414 이하 주소 확인 부탁 드립니다.	O O O O O AD_ADDRESS-B AD_ADDRESS-I AD_ADDRESS-I AD_ADDRESS-I O O O O O
서울특별시 종로구 종로 1 교보생명빌딩	AD_ADDRESS-B AD_ADDRESS-I AD_ADDRESS-I AD_ADDRESS-I AD_DETAIL-B
사시는 곳이 서울특별시 은평구 서오릉4동 이하 주소가 어떻게 되시죠?	O O AD_ADDRESS-B AD_ADDRESS-I AD_ADDRESS-I O O O O
오늘은 청주 모충동에 위치한 써티세컨즈의 씨카페여행자 마스터 히든 메뉴를 보여드릴게요!	O AD_ADDRESS-B AD_ADDRESS-I O AD_DETAIL-B O O O O O
165동 621호요.	AD_DETAIL-B AD_DETAIL-I
고객님 주소가 860-903번지 맞으시죠?	O O AD_DETAIL-B O
감사합니다. 회수할 주소는 경남 사천시 송악읍 은빛마을11단지 아파트 동 호수도 부탁드립니다.	O O O AD_ADDRESS-B AD_ADDRESS-I AD_ADDRESS-I AD_DETAIL-B AD_DETAIL-I O O O
609동 607호 입니다.	AD_DETAIL-B AD_DETAIL-I O
서울특별시 마포구 와우산로 111 3층	AD_ADDRESS-B AD_ADDRESS-I AD_ADDRESS-I AD_ADDRESS-I AD_DETAIL-B
수거할 주소는 배송 받으셨던 경기도 용인시 기흥구 오전동 이하 주소 말씀 부탁 드립니다.	O O O O AD_ADDRESS-B AD_ADDRESS-I AD_ADDRESS-I AD_ADDRESS-I O O O O O
737동 270호요.	AD_DETAIL-B AD_DETAIL-I
1519호요.	AD_ADDRESS-B
72번지요.	AD_ADDRESS-B
68동 3945호요.	AD_DETAIL-B AD_DETAIL-I
지금 받으셨던 동일한 전북 김제시 중곡2동 주소에서 다시 회수해 드릴까요?	O O O AD_ADDRESS-B AD_ADDRESS-I AD_ADDRESS-I O O O O
상당구 산성로50번길 입니다.	AD_ADDRESS-B AD_ADDRESS-I O
서울특별시 강북구 노해로 31	AD_ADDRESS-B AD_ADDRESS-I AD_ADDRESS-I AD_ADDRESS-I
경기도 수원시 장안구 창훈로60번길 45 2,3층	AD_ADDRESS-B AD_ADDRESS-I AD_ADDRESS-I AD_ADDRESS-I AD_ADDRESS-I AD_DETAIL-B
